asx_ticker,n_asx_etfs,etfs,etf_shares,inflow5_usd,adv_dollars_63d,last_close,etf_pct_float,days_to_exit_20pct_adv,inflow5_buy_days,forced_flow_score
AUD.AX,36,"A200.AX,AAA.AX,ARMR.AX,ASIA.AX,BEAR.AX,BHYB.AX,BNKS.AX,DRUG.AX,EEU.AX,ETHI.AX,EX20.AX,F100.AX,FAIR.AX,FOOD.AX,FUEL.AX,GEAR.AX,GNDQ.AX,HACK.AX,HEUR.AX,HJPN.AX,HVST.AX,IIND.AX,INCM.AX,MNRS.AX,NDQ.AX,POU.AX,QAU.AX,QFN.AX,QLTY.AX,QOZ.AX,QRE.AX,QUS.AX,RBTZ.AX,UMAX.AX,URNM.AX,USD.AX",6627889441.877945,283791211.11232585,,,,,,1.0
VCX.AX,17,"A200.AX,AUMF.AX,EX20.AX,FAIR.AX,GEAR.AX,GRNV.AX,HVST.AX,IOZ.AX,IVE.AX,MVA.AX,MVE.AX,MVOL.AX,MVW.AX,QOZ.AX,VAP.AX,VAS.AX,VEU.AX",337314573.0,26769417.57897948,28753598.252380952,2.57,0.07269183817447054,146.65722520578552,0.9309936566552268,0.9431305398473946
GMG.AX,16,"A200.AX,AUMF.AX,FAIR.AX,GEAR.AX,HVST.AX,ILC.AX,IOZ.AX,IVE.AX,MVA.AX,MVOL.AX,MVW.AX,QOZ.AX,VAP.AX,VAS.AX,VEU.AX,VLC.AX",146745589.0,128217136.07819796,130833349.46539682,31.55,0.0717656038028355,167.21901998390342,0.9800034670220622,0.9419660319630745
CHC.AX,16,"A200.AX,EX20.AX,FAIR.AX,GEAR.AX,GRNV.AX,HVST.AX,IOZ.AX,MVA.AX,MVE.AX,MVOL.AX,MVW.AX,QOZ.AX,VAP.AX,VAS.AX,VEU.AX,VSO.AX",40009135.0,28544638.476530317,28386873.361587297,22.85,0.0845864455799931,144.11569405428534,1.0055576784710818,0.9419476119876344
GPT.AX,15,"A200.AX,EX20.AX,FAIR.AX,GEAR.AX,GRNV.AX,HVST.AX,IOZ.AX,MVA.AX,MVOL.AX,MVW.AX,QOZ.AX,VAP.AX,VAS.AX,VEU.AX,VSO.AX",162350570.0,26204466.96478746,24834382.031746026,5.04,0.08475281002129983,155.22880027591034,1.055168875605201,0.939147451985703
SCG.AX,15,"A200.AX,EX20.AX,FAIR.AX,GEAR.AX,GRNV.AX,HVST.AX,IOZ.AX,IVE.AX,MVA.AX,MVOL.AX,MVW.AX,QOZ.AX,VAP.AX,VAS.AX,VEU.AX",411180363.0,46325656.44431838,48315662.38603175,3.85,0.07872528556858585,155.18235184742204,0.9588124048509642,0.929129032010263
MGR.AX,16,"A200.AX,EX20.AX,FAIR.AX,GEAR.AX,GRNV.AX,HVST.AX,IOZ.AX,MVA.AX,MVE.AX,MVOL.AX,MVW.AX,QOZ.AX,VAP.AX,VAS.AX,VEU.AX,VSO.AX",352078508.0,20491731.163795307,25964161.35984127,1.75,0.08922731409509654,117.41519176025194,0.7892313901380169,0.9226025444477245
TCL.AX,20,"A200.AX,GEAR.AX,GLIN.AX,GRNV.AX,HVST.AX,IFRA.AX,IHD.AX,ILC.AX,IOZ.AX,IVE.AX,MVOL.AX,MVW.AX,QOZ.AX,VAS.AX,VBLD.AX,VEU.AX,VHY.AX,VLC.AX,VMIN.AX,ZYAU.AX",153794571.0,74385048.58276035,89973151.28777777,15.12,0.049290288060304215,123.0475968700475,0.8267471742191278,0.9221399106052308
HDN.AX,12,"A200.AX,AUMF.AX,EX20.AX,GEAR.AX,IOZ.AX,ISO.AX,MVA.AX,MVOL.AX,QOZ.AX,VAP.AX,VAS.AX,VSO.AX",155402446.0,6618207.419578467,4021182.5333333327,1.31,0.07438017909000388,238.9714653981345,1.6458361103275625,0.9116569198640533
RGN.AX,14,"A200.AX,AUMF.AX,EX20.AX,FAIR.AX,GEAR.AX,IOZ.AX,ISO.AX,MVA.AX,MVOL.AX,QOZ.AX,VAP.AX,VAS.AX,VEU.AX,VSO.AX",95509431.0,7234459.108607886,8131854.968412697,2.42,0.08314260662789191,134.6299423574487,0.8896443845480955,0.9073650162032134
BEN.AX,16,"A200.AX,EX20.AX,FAIR.AX,GEAR.AX,GRNV.AX,IOZ.AX,MVB.AX,MVE.AX,MVOL.AX,MVW.AX,QFN.AX,QOZ.AX,VAS.AX,VEU.AX,VHY.AX,VSO.AX",28366807.0,10982453.436703712,15962420.126190476,10.61,0.05030763326022393,93.8241394461632,0.68801931974489,0.8832656635635656
SGP.AX,16,"A200.AX,EX20.AX,FAIR.AX,GEAR.AX,GRNV.AX,HVST.AX,IOZ.AX,IVE.AX,MVA.AX,MVOL.AX,MVW.AX,QOZ.AX,VAP.AX,VAS.AX,VEU.AX,WDMF.AX",201112776.0,25534260.734414037,46476900.795555554,4.18,0.08270650058877194,88.75874123454089,0.54939680351612,0.8824961179229599
WBC.AX,18,"A200.AX,AUMF.AX,GEAR.AX,GRNV.AX,IHD.AX,ILC.AX,IOZ.AX,IVE.AX,MVB.AX,MVOL.AX,MVW.AX,QFN.AX,QOZ.AX,VAS.AX,VEU.AX,VHY.AX,VLC.AX,ZYAU.AX",135964995.0,142442383.99812183,206642385.55793646,35.12,0.039815134404578824,124.23128649459466,0.6893183294101353,0.8823878038582633
CIP.AX,11,"A200.AX,AUMF.AX,EX20.AX,GEAR.AX,IOZ.AX,ISO.AX,MVA.AX,QOZ.AX,VAP.AX,VAS.AX,VSO.AX",41964509.0,4180139.6360658254,3948019.313333333,3.04,0.0672090254777478,157.2635285739961,1.0587941203703262,0.8790596265085229
ANZ.AX,17,"A200.AX,AUMF.AX,GEAR.AX,IHD.AX,ILC.AX,IOZ.AX,IVE.AX,MVB.AX,MVOL.AX,MVW.AX,QFN.AX,QOZ.AX,VAS.AX,VEU.AX,VHY.AX,VLC.AX,ZYAU.AX",120629273.0,125312427.03897862,177781374.69396827,35.25,0.04006245693311252,122.01347598862097,0.7048681407413495,0.8773569008789133
DOW.AX,15,"A200.AX,AUMF.AX,EX20.AX,GEAR.AX,GRNV.AX,IHD.AX,IOZ.AX,MVE.AX,MVOL.AX,QOZ.AX,VAS.AX,VEU.AX,VHY.AX,VSO.AX,ZYAU.AX",29052284.0,8169867.423270785,9824140.031111112,8.15,0.044076392865698005,114.85469505383692,0.8316114588552717,0.8769247749492725
CLW.AX,11,"A200.AX,AUMF.AX,EX20.AX,GEAR.AX,IOZ.AX,ISO.AX,MVA.AX,QOZ.AX,VAP.AX,VAS.AX,VSO.AX",51761997.0,6087222.203635729,5925516.97984127,3.75,0.07232387601807767,153.23208995652135,1.0272896397638525,0.8761881570038157
MPL.AX,19,"A200.AX,AUMF.AX,EX20.AX,FAIR.AX,GEAR.AX,GRNV.AX,IHD.AX,IOZ.AX,IVE.AX,MVOL.AX,MVW.AX,QFN.AX,QOZ.AX,VAS.AX,VEU.AX,VHY.AX,VMIN.AX,WDMF.AX,ZYAU.AX",125305403.0,19482915.096588634,32962599.483174596,4.91,0.04549936658752805,88.34405232401357,0.5910612452313865,0.8760742132415316
GBP.AX,15,"ARMR.AX,BNKS.AX,DRUG.AX,ETHI.AX,F100.AX,FOOD.AX,FUEL.AX,HACK.AX,HEUR.AX,INCM.AX,MNRS.AX,POU.AX,QLTY.AX,RBTZ.AX,URNM.AX",-36630097.45,99349.28070545249,,,,,,0.8739946380697051
CBA.AX,17,"A200.AX,AUMF.AX,GEAR.AX,HVST.AX,ILC.AX,IOZ.AX,IVE.AX,MVB.AX,MVOL.AX,MVW.AX,QFN.AX,QOZ.AX,VAS.AX,VEU.AX,VHY.AX,VLC.AX,WDMF.AX",62325740.0,290269560.28774077,372685758.1992063,163.41,0.03727340218908377,140.68070268149737,0.7788587406460196,0.8731018865522656
TLS.AX,18,"A200.AX,AUMF.AX,FAIR.AX,GEAR.AX,HVST.AX,IHD.AX,ILC.AX,IOZ.AX,IVE.AX,MVOL.AX,MVW.AX,QOZ.AX,VAS.AX,VEU.AX,VHY.AX,VLC.AX,VMIN.AX,ZYAU.AX",458388858.0,79336393.51834646,121168811.03380954,5.04,0.04115120309445467,99.92389262823333,0.6547591978616457,0.871622351545533
BHP.AX,20,"A200.AX,AUMF.AX,GEAR.AX,IHD.AX,IHOO.AX,ILC.AX,IOO.AX,IOZ.AX,IVE.AX,MVOL.AX,MVR.AX,MVW.AX,QOZ.AX,QRE.AX,VAS.AX,VEU.AX,VHY.AX,VLC.AX,WDMF.AX,ZYAU.AX",198463349.0,364072553.89960337,538625624.3819048,60.34,0.03906229438373554,106.53678045596928,0.6759287665108612,0.8685152687714202
DNL.AX,16,"A200.AX,AUMF.AX,EX20.AX,GEAR.AX,GRNV.AX,HVST.AX,IOZ.AX,MVE.AX,MVOL.AX,MVR.AX,MVW.AX,QOZ.AX,VAS.AX,VEU.AX,VHY.AX,VSO.AX",89057481.0,12683528.850559065,19986058.90142857,3.79,0.05077161874030831,77.68018317766634,0.6346188066949241,0.8674981645868975
AZJ.AX,21,"A200.AX,AUMF.AX,EX20.AX,GEAR.AX,GLIN.AX,HVST.AX,IFRA.AX,IHD.AX,IOZ.AX,MVE.AX,MVOL.AX,MVR.AX,MVW.AX,QOZ.AX,VAS.AX,VBLD.AX,VEU.AX,VHY.AX,VSO.AX,WDMF.AX,ZYAU.AX",91812272.0,14232355.225768443,27863025.784444444,4.2,0.054542699799799206,68.18350401414475,0.510797188211848,0.8668655753320478
BWP.AX,11,"A200.AX,AUMF.AX,EX20.AX,GEAR.AX,IOZ.AX,ISO.AX,MVOL.AX,QOZ.AX,VAP.AX,VAS.AX,VSO.AX",40517716.0,4597704.733516132,4884765.224920635,3.89,0.05160657575143894,157.85947587298938,0.941233513139996,0.8661881570038157
SDF.AX,17,"A200.AX,AUMF.AX,EX20.AX,FAIR.AX,GEAR.AX,GRNV.AX,IOZ.AX,MVE.AX,MVOL.AX,MVW.AX,QFN.AX,QOZ.AX,VAS.AX,VEU.AX,VHY.AX,VSO.AX,ZYAU.AX",52746360.0,9293148.849150816,16075990.20968254,5.11,0.047434134099097525,73.35447618545747,0.57807629439545,0.8658157629337638
BOQ.AX,18,"A200.AX,AUMF.AX,EX20.AX,FAIR.AX,GEAR.AX,IHD.AX,IOZ.AX,MVB.AX,MVE.AX,MVOL.AX,MVW.AX,QFN.AX,QOZ.AX,VAS.AX,VEU.AX,VHY.AX,VSO.AX,ZYAU.AX",34905219.0,8306893.092512366,16356256.238095239,6.28,0.053088762539604255,70.00904855899006,0.5078725211680679,0.8615077383650174
ORG.AX,15,"A200.AX,EX20.AX,GEAR.AX,IOZ.AX,IVE.AX,MVOL.AX,MVR.AX,MVW.AX,QOZ.AX,QRE.AX,VAS.AX,VEU.AX,VHY.AX,WDMF.AX,ZYAU.AX",81050207.0,27946645.0138751,48469468.00095237,10.79,0.04708364748442075,97.77868476878251,0.5765824583287356,0.8611347626692888
APA.AX,16,"A200.AX,EX20.AX,GEAR.AX,GLIN.AX,HVST.AX,IFRA.AX,IOZ.AX,IVE.AX,MVOL.AX,MVW.AX,QOZ.AX,VAS.AX,VBLD.AX,VEU.AX,VHY.AX,ZYAU.AX",61632785.0,19931479.015910454,35236174.12650793,10.31,0.046559233238904624,88.57034267463098,0.565653891490908,0.8610736864862018
QBE.AX,17,"A200.AX,AUMF.AX,GEAR.AX,GRNV.AX,HVST.AX,IHD.AX,ILC.AX,IOZ.AX,IVE.AX,MVOL.AX,MVW.AX,QFN.AX,QOZ.AX,VAS.AX,VEU.AX,VHY.AX,ZYAU.AX",61808441.0,43246178.781622216,75804466.36412697,24.43,0.041370434235433885,92.46406613423213,0.5704964477144272,0.8572791276492775
NHF.AX,16,"A200.AX,AUMF.AX,EX20.AX,FAIR.AX,GEAR.AX,GRNV.AX,IHD.AX,IOZ.AX,ISO.AX,MVOL.AX,QFN.AX,QOZ.AX,VAS.AX,VHY.AX,VSO.AX,ZYAU.AX",18971258.0,4694461.299578266,6188280.073174604,6.98,0.038871937578548406,101.73622134691286,0.7586051768936817,0.854002462581167
WPR.AX,10,"A200.AX,AUMF.AX,EX20.AX,GEAR.AX,IOZ.AX,ISO.AX,QOZ.AX,VAP.AX,VAS.AX,VSO.AX",42775982.0,3043788.754420457,3374806.3614285714,2.49,0.06551880357982542,153.4281603198126,0.9019150814721135,0.8496586899814429
IAG.AX,16,"A200.AX,EX20.AX,FAIR.AX,GEAR.AX,HVST.AX,IHD.AX,IOZ.AX,IVE.AX,MVOL.AX,MVW.AX,QFN.AX,QOZ.AX,VAS.AX,VEU.AX,VHY.AX,ZYAU.AX",103871264.0,25718930.59904515,45581785.63825397,8.22,0.04442829628196026,86.186921676364,0.5642370135113979,0.8496307884100658
DXS.AX,12,"A200.AX,EX20.AX,GEAR.AX,HVST.AX,IOZ.AX,MVOL.AX,QOZ.AX,VAP.AX,VAS.AX,VEU.AX,VSO.AX,WDMF.AX",73317114.0,11948152.354445057,19069959.436825406,5.78,0.06835520941956122,113.46869787944647,0.6265431446787638,0.8479115248579132
ARF.AX,10,"A200.AX,AUMF.AX,EX20.AX,GEAR.AX,IOZ.AX,ISO.AX,QOZ.AX,VAP.AX,VAS.AX,VSO.AX",26962840.0,2567621.811478869,3103411.517301587,3.24,0.06630722884159013,142.9235218244035,0.8273546054605783,0.8453566023842264
NAB.AX,17,"A200.AX,AUMF.AX,GEAR.AX,IHD.AX,ILC.AX,IOZ.AX,IVE.AX,MVB.AX,MVOL.AX,MVW.AX,QFN.AX,QOZ.AX,VAS.AX,VEU.AX,VHY.AX,VLC.AX,ZYAU.AX",121497405.0,133370812.56463769,253047876.21444446,37.87,0.039687719573323406,94.44073122902165,0.527057624667093,0.8422668476656509
SUN.AX,17,"A200.AX,AUMF.AX,EX20.AX,FAIR.AX,GEAR.AX,GRNV.AX,HVST.AX,IHD.AX,IOZ.AX,IVE.AX,MVOL.AX,MVW.AX,QFN.AX,QOZ.AX,VAS.AX,VEU.AX,VHY.AX",48882207.0,28208299.487457655,58776867.88,19.0,0.046113053312602174,70.8287740315494,0.47992178734410057,0.8414747887217294
SHL.AX,17,"A200.AX,AUMF.AX,EX20.AX,FAIR.AX,GEAR.AX,GRNV.AX,IHD.AX,IOZ.AX,IVE.AX,IXJ.AX,MVOL.AX,MVW.AX,QOZ.AX,VAS.AX,VEU.AX,VHY.AX,ZYAU.AX",24584786.0,15941991.246339876,34776439.901428565,19.81,0.04974281285315397,69.40964538223706,0.4584135492743466,0.8385910392333954
COL.AX,15,"A200.AX,AUMF.AX,GEAR.AX,ILC.AX,IOZ.AX,IVE.AX,IXI.AX,MVOL.AX,MVW.AX,QOZ.AX,VAS.AX,VEU.AX,VHY.AX,VMIN.AX,WDMF.AX",59575628.0,40633062.60548608,75427777.84857142,23.69,0.04435548639754605,87.96855602446153,0.5387015734052366,0.8368060684408811
VBND.AX,4,"VDBA.AX,VDCO.AX,VDGR.AX,VDHG.AX",8112167886.0,50765736.590091325,5503414.981269841,41.0,77.93476861102796,301252.9054845761,9.224406439068455,0.8357908847184987
VAF.AX,4,"VDBA.AX,VDCO.AX,VDGR.AX,VDHG.AX",2825114624.0,21638437.557121336,4858443.514285714,45.97,35.717542820918986,131700.11442183348,4.453779794597984,0.8329276018695424
VAS.AX,4,"VDBA.AX,VDCO.AX,VDGR.AX,VDHG.AX",3150699846.0,100233387.12340501,68129474.05333334,109.27,13.564865199190763,25076.037648022506,1.4712191531808976,0.8279153218859159
CNI.AX,10,"A200.AX,AUMF.AX,EX20.AX,GEAR.AX,IOZ.AX,ISO.AX,QOZ.AX,VAP.AX,VAS.AX,VSO.AX",54449000.0,3224442.993876321,4249441.875079365,2.18,0.06395276541306587,117.16719252345396,0.7587921163920142,0.8274544329204523
EDV.AX,15,"A200.AX,AUMF.AX,EX20.AX,GEAR.AX,IHD.AX,IOZ.AX,MVE.AX,MVOL.AX,MVW.AX,QOZ.AX,VAS.AX,VEU.AX,VHY.AX,VSO.AX,ZYAU.AX",77950717.0,8863042.85891469,16569906.875238094,3.31,0.04341046828189818,75.35641407730581,0.5348879100919712,0.8253549837089941
TLC.AX,12,"A200.AX,EX20.AX,GEAR.AX,HVST.AX,IOZ.AX,IVE.AX,MVOL.AX,MVW.AX,QOZ.AX,VAS.AX,VEU.AX,VHY.AX",101858985.0,17529513.31510331,27404409.884920638,5.56,0.045763445098463654,100.50918210189289,0.6396603097353678,0.8243319096307336
INA.AX,10,"A200.AX,AUMF.AX,EX20.AX,GEAR.AX,IOZ.AX,ISO.AX,QOZ.AX,VAP.AX,VAS.AX,VSO.AX",26860096.0,3116405.561402397,4579028.166190477,4.23,0.06590088054703305,115.78522751143186,0.6805823087991816,0.8224360129450122
MND.AX,13,"A200.AX,AUMF.AX,EX20.AX,GEAR.AX,IHD.AX,IOZ.AX,ISO.AX,MVR.AX,QOZ.AX,VAS.AX,VHY.AX,VSO.AX,ZYAU.AX",4130130.0,4527582.333603732,6691079.565555555,29.55,0.0412629386661843,90.44122416141944,0.6766594671674347,0.820543693805906
VISM.AX,4,"VDBA.AX,VDCO.AX,VDGR.AX,VDHG.AX",1742230.0,1552180.1150218,1523235.1228571425,78.55,0.15259201385333557,423.8416424099244,1.019002314042211,0.816462190490091
JBH.AX,17,"A200.AX,AUMF.AX,EX20.AX,FAIR.AX,GEAR.AX,GRNV.AX,HVST.AX,IOZ.AX,MVE.AX,MVOL.AX,MVW.AX,QOZ.AX,VAS.AX,VEU.AX,VHY.AX,VSO.AX,WDMF.AX",5542107.0,15494727.645929113,36413175.00412698,77.75,0.05068970277158531,56.48655892538057,0.42552531176347513,0.8163765488527159
CQR.AX,10,"A200.AX,AUMF.AX,EX20.AX,GEAR.AX,IOZ.AX,ISO.AX,QOZ.AX,VAP.AX,VAS.AX,VSO.AX",33747427.0,3832170.0902251317,5739145.9339682525,3.99,0.0580621263532929,111.8733838555659,0.6677248033620624,0.8159951615328142
WOR.AX,15,"A200.AX,AUMF.AX,EX20.AX,GEAR.AX,IOZ.AX,MVE.AX,MVOL.AX,MVR.AX,MVW.AX,QOZ.AX,VAS.AX,VEU.AX,VHY.AX,VSO.AX,ZYAU.AX",25706867.0,12287401.518214134,26548083.5168254,12.3,0.050771659951573414,58.17904823954321,0.4628357263689764,0.8066750819488631
CQE.AX,6,"AUMF.AX,ISO.AX,QOZ.AX,VAP.AX,VAS.AX,VSO.AX",18795653.0,1285739.8463389997,1551256.5538095238,2.67,0.05064729042988449,157.27779373705783,0.8288376562738916,0.8063268966758447
MQG.AX,16,"A200.AX,AUMF.AX,GEAR.AX,GRNV.AX,ILC.AX,IOZ.AX,IVE.AX,MVB.AX,MVOL.AX,MVW.AX,QFN.AX,QOZ.AX,VAS.AX,VEU.AX,VHY.AX,VLC.AX",14207541.0,102778230.09906213,204190875.22984126,247.92,0.037276591497586456,80.70909944640545,0.5033438932242831,0.8045959951231235
WDS.AX,18,"A200.AX,AUMF.AX,GEAR.AX,HVST.AX,ILC.AX,IOZ.AX,IVE.AX,MVOL.AX,MVR.AX,MVW.AX,QOZ.AX,QRE.AX,VAS.AX,VEU.AX,VHY.AX,VLC.AX,VVLU.AX,ZYAU.AX",86521989.0,80634337.63924323,221824782.67,28.77,0.04563837624437089,63.10024715559087,0.3635046394216455,0.8013767518729993
SOL.AX,12,"A200.AX,EX20.AX,GEAR.AX,HVST.AX,IOZ.AX,IVE.AX,MVOL.AX,MVW.AX,QFN.AX,QOZ.AX,VAS.AX,VEU.AX",13037283.0,16746834.437267652,27160688.060317464,44.29,0.03993169460834281,101.96414861682862,0.6165835858089049,0.8007584343953672
AGL.AX,15,"A200.AX,AUMF.AX,EX20.AX,GEAR.AX,HVST.AX,IOZ.AX,MVE.AX,MVOL.AX,MVW.AX,QOZ.AX,VAS.AX,VEU.AX,VHY.AX,VSO.AX,ZYAU.AX",31128045.0,9833479.12979841,22343291.54920635,8.62,0.046270045380771736,64.27664195182359,0.4401087954360826,0.7995383647978193
RFF.AX,4,"ISO.AX,QOZ.AX,VAP.AX,VAS.AX",21450175.0,1112222.2384154678,1086124.4242857143,2.06,0.05503954104214138,198.75985584038133,1.0240283834395094,0.7993131933554205
WOW.AX,15,"A200.AX,AUMF.AX,FAIR.AX,GEAR.AX,HVST.AX,ILC.AX,IOZ.AX,IVE.AX,IXI.AX,MVOL.AX,MVW.AX,QOZ.AX,VAS.AX,VEU.AX,WDMF.AX",44849569.0,47272838.366911225,92341599.31063493,38.55,0.03671381685040862,87.37842365563776,0.5119343689065481,0.7946509313143972
PPT.AX,14,"A200.AX,AUMF.AX,EX20.AX,GEAR.AX,GRNV.AX,IOZ.AX,ISO.AX,QFN.AX,QOZ.AX,VAS.AX,VEU.AX,VHY.AX,VSO.AX,ZYAU.AX",4262208.0,2274284.8901920784,3984038.7300000004,15.64,0.0368539818585928,86.40776259140227,0.570849091668363,0.7929442220976055
WES.AX,13,"A200.AX,AUMF.AX,GEAR.AX,HVST.AX,ILC.AX,IOZ.AX,IVE.AX,MVOL.AX,MVW.AX,QOZ.AX,VAS.AX,VEU.AX,VLC.AX",38667713.0,87264623.62387833,126830951.21174602,86.15,0.03406006712000564,117.39451556917089,0.6880388642531651,0.7927295308914565
PRU.AX,14,"A200.AX,AUMF.AX,EX20.AX,GDX.AX,GEAR.AX,IOZ.AX,MVE.AX,MVOL.AX,MVR.AX,MVW.AX,QOZ.AX,QRE.AX,VAS.AX,VSO.AX",55141622.0,11290791.856602503,21693084.00428572,5.43,0.04095555680696581,67.27459812026069,0.5204788703335993,0.7914460640951495
MONY.AX,2,"FLOT.AX,PLUS.AX",510000.0,1279199.14878,152840.91206349205,50.21,0.24002665806809617,836.0829785683802,8.369481256750184,0.7904801319961064
ALD.AX,15,"A200.AX,EX20.AX,GEAR.AX,IOZ.AX,MVE.AX,MVOL.AX,MVR.AX,MVW.AX,QOZ.AX,QRE.AX,VAS.AX,VEU.AX,VHY.AX,VSO.AX,ZYAU.AX",12613336.0,15635674.179806784,38635624.46809524,33.31,0.05293002475826302,55.52933284816221,0.4046957799975125,0.7858973496525061
NWH.AX,13,"A200.AX,AUMF.AX,EX20.AX,GEAR.AX,IHD.AX,IOZ.AX,ISO.AX,MVS.AX,QOZ.AX,VAS.AX,VHY.AX,VSO.AX,ZYAU.AX",18712872.0,4959819.151110636,9053009.297301585,6.97,0.040727351736105234,68.98387547735445,0.5478641397826688,0.7847352615504823
ALX.AX,18,"A200.AX,EX20.AX,GEAR.AX,GLIN.AX,GRNV.AX,IFRA.AX,IHD.AX,IOZ.AX,MVE.AX,MVOL.AX,MVW.AX,QOZ.AX,VAS.AX,VBLD.AX,VEU.AX,VHY.AX,VSO.AX,ZYAU.AX",59036716.0,11445609.455322487,27584180.757301588,5.1,0.04068609380458612,52.219103853978396,0.41493381862692486,0.7770746642757826
BSL.AX,14,"A200.AX,AUMF.AX,EX20.AX,GEAR.AX,GRNV.AX,IOZ.AX,MVOL.AX,MVW.AX,QOZ.AX,VAS.AX,VEU.AX,VSO.AX,VVLU.AX,WDMF.AX",16239172.0,17999598.826572884,34775928.0436508,33.5,0.037069181953467784,70.15275995160974,0.5175878787182835,0.7757501983563038
ORA.AX,17,"A200.AX,AUMF.AX,EX20.AX,FAIR.AX,GEAR.AX,GRNV.AX,IHD.AX,IOZ.AX,ISO.AX,MVOL.AX,MVS.AX,QOZ.AX,VAS.AX,VEU.AX,VHY.AX,VSO.AX,ZYAU.AX",56579173.0,2744396.4753319533,8281525.3317460315,1.39,0.0461741588182869,50.27958760301038,0.33138780181130467,0.7705558366136656
MTS.AX,16,"A200.AX,AUMF.AX,EX20.AX,GEAR.AX,HVST.AX,IHD.AX,IOZ.AX,ISO.AX,MVE.AX,MVOL.AX,QOZ.AX,VAS.AX,VEU.AX,VHY.AX,VSO.AX,ZYAU.AX",49201266.0,5366037.427882207,14450744.323015872,3.12,0.04473956146693539,50.75538958393113,0.37133294368343744,0.7665341858722025
CGF.AX,16,"A200.AX,AUMF.AX,EX20.AX,FAIR.AX,GEAR.AX,GRNV.AX,HVST.AX,IOZ.AX,MVE.AX,MVOL.AX,QFN.AX,QOZ.AX,VAS.AX,VEU.AX,VHY.AX,VSO.AX",22488895.0,7213686.412535654,14568594.077142853,9.96,0.03288731175351212,68.12417149191914,0.4951532299093599,0.7631285370797344
STO.AX,16,"A200.AX,AUMF.AX,GEAR.AX,HVST.AX,IOZ.AX,IVE.AX,MVOL.AX,MVR.AX,MVW.AX,QOZ.AX,QRE.AX,VAS.AX,VEU.AX,VHY.AX,VVLU.AX,ZYAU.AX",151467398.0,36382436.88291041,116114972.30888887,7.3,0.046745334812078626,51.016670684848066,0.31333114205225754,0.7607851068709746
QRI.AX,2,"VAP.AX,VAS.AX",34255845.0,1382317.9464188209,1370022.2993650793,1.525,0.05427751915629892,193.8476412450761,1.00897477877509,0.7568616301541089
DXI.AX,6,"AUMF.AX,ISO.AX,QOZ.AX,VAP.AX,VAS.AX,VSO.AX",14808991.0,962578.4694054987,1743170.6393650793,2.46,0.047056589324639506,102.05643267446042,0.5521997948268,0.7554816244695409
CPU.AX,14,"A200.AX,EX20.AX,FAIR.AX,GEAR.AX,GRNV.AX,HVST.AX,IOZ.AX,IVE.AX,MVOL.AX,MVW.AX,QOZ.AX,VAS.AX,VEU.AX,WDMF.AX",20878782.0,22669000.245801922,48830067.07666667,36.74,0.03609828622240006,69.39173664090787,0.46424266037173334,0.7549929326993248
VNT.AX,13,"A200.AX,AUMF.AX,EX20.AX,GEAR.AX,IHD.AX,IOZ.AX,ISO.AX,MVOL.AX,QOZ.AX,VAS.AX,VHY.AX,VSO.AX,ZYAU.AX",32331302.0,7298785.882451931,14836979.576349208,6.69,0.03937249918992917,62.62645915904297,0.49193205698594566,0.7539595759180632
VGAD.AX,4,"VDBA.AX,VDCO.AX,VDGR.AX,VDHG.AX",4274884.0,5711397.780362579,13129565.303333333,129.9,0.07741985631913396,203.89500331828106,0.435002808426001,0.7520106964254163
S32.AX,13,"A200.AX,EX20.AX,GEAR.AX,IOZ.AX,IVE.AX,MVOL.AX,MVR.AX,MVW.AX,QOZ.AX,QRE.AX,VAS.AX,VEU.AX,VHY.AX",192128622.0,26791381.1484968,67637511.97714287,4.15,0.0428731350396292,62.3166607548203,0.3961024047949984,0.7474593712516694
VGS.AX,4,"VDBA.AX,VDCO.AX,VDGR.AX,VDHG.AX",6842774.0,11214286.450099533,26913887.288730163,158.71,0.08154990115980514,192.48862914639207,0.41667286222140676,0.7469922764499763
NXT.AX,13,"A200.AX,EX20.AX,FAIR.AX,GEAR.AX,GRNV.AX,IOZ.AX,MVE.AX,MVOL.AX,MVW.AX,QOZ.AX,VAS.AX,VEU.AX,VSO.AX",30933412.0,16476674.517339725,39928037.446984135,14.78,0.042808284717756495,54.639423256335476,0.4126592632862863,0.7417307588898192
DRR.AX,16,"A200.AX,AUMF.AX,EX20.AX,GEAR.AX,GRNV.AX,IHD.AX,IOZ.AX,ISO.AX,MVOL.AX,MVR.AX,QOZ.AX,VAS.AX,VEU.AX,VHY.AX,VSO.AX,ZYAU.AX",18816800.0,2930608.179827351,7166487.1985714305,4.53,0.0355398748904536,56.73394436683328,0.40893231211123066,0.7408792534121125
HLI.AX,14,"A200.AX,AUMF.AX,EX20.AX,GEAR.AX,GRNV.AX,IHD.AX,IOZ.AX,ISO.AX,QFN.AX,QOZ.AX,VAS.AX,VHY.AX,VSO.AX,ZYAU.AX",10267171.0,1828622.4621483558,4375812.980317459,5.47,0.037444624168243124,59.93368230170801,0.4178931938758707,0.7399233461254402
OZF.AX,1,HVST.AX,425105.0,635688.5142921051,518028.6255555555,30.22,0.28373947040150077,122.95036924204152,1.227130090755827,0.7329583237767479
QFN.AX,1,HVST.AX,1447451.0,1280615.9699005103,1065280.754126984,17.85,0.31412255942258377,119.362776166455,1.2021394031003567,0.7315236123563632
ORI.AX,13,"A200.AX,EX20.AX,GEAR.AX,GRNV.AX,IOZ.AX,MVE.AX,MVOL.AX,MVR.AX,MVW.AX,QOZ.AX,VAS.AX,VEU.AX,VSO.AX",18938865.0,15446320.31249779,37744542.8631746,22.86,0.04087287595639191,54.4165832109257,0.40923320673113694,0.7310082865197823
CMW.AX,5,"ISO.AX,QOZ.AX,VAP.AX,VAS.AX,VSO.AX",95568603.0,1128850.213076379,1430960.2688095241,0.46,0.03649230507814439,138.54492456485596,0.7888760000412288,0.7306143338904504
FMG.AX,19,"A200.AX,AUMF.AX,GEAR.AX,HGEN.AX,IHD.AX,ILC.AX,IOZ.AX,IVE.AX,MVOL.AX,MVR.AX,MVW.AX,QOZ.AX,QRE.AX,VAS.AX,VEU.AX,VHY.AX,VLC.AX,WDMF.AX,ZYAU.AX",76637476.0,51489694.947503544,122514916.78746033,19.6,0.024890662297486436,65.40940331294138,0.42027286388993923,0.7223472382108317
TNE.AX,14,"A200.AX,AUMF.AX,EX20.AX,FAIR.AX,GEAR.AX,GRNV.AX,IOZ.AX,MVE.AX,MVOL.AX,MVW.AX,QOZ.AX,VAS.AX,VEU.AX,VSO.AX",12464851.0,13399282.414689302,34199227.63793651,29.85,0.03807589756126644,53.08750663335579,0.39180073177517466,0.7205721385937169
RMS.AX,16,"A200.AX,AUMF.AX,EX20.AX,GDX.AX,GEAR.AX,GRNV.AX,IOZ.AX,MVE.AX,MVOL.AX,MVR.AX,MVW.AX,QOZ.AX,QRE.AX,VAS.AX,VEU.AX,VSO.AX",82673843.0,9578405.643909488,33827718.40174603,3.19,0.04359367450279166,42.53622398868632,0.28315257713080333,0.719984861271302
ALQ.AX,14,"A200.AX,AUMF.AX,EX20.AX,GEAR.AX,GRNV.AX,HVST.AX,IOZ.AX,MVE.AX,MVOL.AX,MVW.AX,QOZ.AX,VAS.AX,VEU.AX,VSO.AX",19046255.0,15173941.914516699,40678916.69428572,22.89,0.037526419976621816,52.01739802253664,0.3730173551216575,0.713417001467233
QAN.AX,14,"A200.AX,EX20.AX,GEAR.AX,GRNV.AX,IOZ.AX,IVE.AX,MVOL.AX,MVW.AX,QOZ.AX,VAS.AX,VEU.AX,VHY.AX,WDMF.AX,ZYAU.AX",64451935.0,20861112.430647377,64490111.53968254,10.09,0.042593158954760665,44.7349787655066,0.32347769189096476,0.7133474148933485
DBI.AX,10,"A200.AX,EX20.AX,GEAR.AX,IHD.AX,IOZ.AX,ISO.AX,QOZ.AX,VAS.AX,VHY.AX,ZYAU.AX",18790791.0,3693769.2718284503,7538562.176507937,5.9,0.03790287198177107,66.69199355693348,0.4899832601154592,0.7108355217456671
EVN.AX,16,"A200.AX,AUMF.AX,EX20.AX,GDX.AX,GEAR.AX,GRNV.AX,HVST.AX,IOZ.AX,IVE.AX,MVOL.AX,MVR.AX,MVW.AX,QOZ.AX,QRE.AX,VAS.AX,VEU.AX",78140957.0,29565061.023122426,107232135.2022222,12.96,0.03847242465868081,46.170954433220665,0.27571083022237297,0.7085910831296729
BXB.AX,15,"A200.AX,AUMF.AX,FAIR.AX,GEAR.AX,GRNV.AX,ILC.AX,IOZ.AX,IVE.AX,MVOL.AX,MVW.AX,QOZ.AX,VAS.AX,VEU.AX,VMIN.AX,WDMF.AX",49325325.0,25382039.15561813,86159275.38587302,19.14,0.03682890816913187,55.500795633417155,0.29459438977338315,0.7072542878432552
QRE.AX,1,HVST.AX,4283463.0,2273419.6499355836,2430307.4357142854,10.05,0.1001816973003703,91.84807539094749,0.9354452924460599,0.7064601657742919
RHC.AX,14,"A200.AX,AUMF.AX,EX20.AX,FAIR.AX,GEAR.AX,GRNV.AX,IOZ.AX,MVE.AX,MVOL.AX,MVW.AX,QOZ.AX,VAS.AX,VEU.AX,VSO.AX",7935533.0,10924191.690600872,27781970.28301587,39.78,0.034512821293437135,55.38259429363795,0.39321155336773317,0.7013007509555671
SUL.AX,14,"A200.AX,AUMF.AX,EX20.AX,GEAR.AX,GRNV.AX,IHD.AX,IOZ.AX,ISO.AX,MVS.AX,QOZ.AX,VAS.AX,VHY.AX,VSO.AX,ZYAU.AX",6819171.0,3040114.4238912575,6950552.153650795,13.06,0.030196504838891806,59.36204655077515,0.437391786535179,0.6985050080165578
NEC.AX,14,"A200.AX,AUMF.AX,EX20.AX,FAIR.AX,GEAR.AX,GRNV.AX,IHD.AX,IOZ.AX,ISO.AX,QOZ.AX,VAS.AX,VHY.AX,VSO.AX,ZYAU.AX",55205778.0,1912577.9513376986,4951718.632301586,0.915,0.03481340434481321,52.75070556997945,0.38624528034799144,0.6977088557447607
SEK.AX,12,"A200.AX,EX20.AX,FAIR.AX,GEAR.AX,GRNV.AX,IOZ.AX,MVE.AX,MVW.AX,QOZ.AX,VAS.AX,VEU.AX,VSO.AX",15484073.0,7313404.620364442,22842224.774603177,12.89,0.043346018597040924,46.75885511068973,0.32017041652158823,0.6947003091395342
APZ.AX,3,"ISO.AX,VAP.AX,VAS.AX",11455478.0,1398439.4430799992,2961321.2615873017,5.25,0.05031725728081388,92.86758647334361,0.4722349652568326,0.6914065684194817
APE.AX,14,"A200.AX,AUMF.AX,EX20.AX,FAIR.AX,GEAR.AX,GRNV.AX,IHD.AX,IOZ.AX,MVE.AX,QOZ.AX,VAS.AX,VHY.AX,VSO.AX,ZYAU.AX",7255063.0,5601752.182220534,12581945.476825397,22.36,0.02569411418030595,65.30787473547872,0.445221463766344,0.6913887575048916
AOV.AX,9,"A200.AX,EX20.AX,FAIR.AX,GRNV.AX,ISO.AX,QOZ.AX,VAS.AX,VHY.AX,VSO.AX",4926593.0,1105517.308855485,2337029.5700000003,6.6,0.03680683151191989,68.02468190128475,0.4730437830341551,0.6891943880804049
PRN.AX,12,"A200.AX,AUMF.AX,EX20.AX,GEAR.AX,GRNV.AX,IOZ.AX,ISO.AX,MVS.AX,QOZ.AX,QRE.AX,VAS.AX,VSO.AX",30810843.0,2362341.9141468373,5605166.55015873,2.4,0.032904487070994255,56.61504766919995,0.4214579340340814,0.684112916589391
CWY.AX,12,"A200.AX,EX20.AX,GEAR.AX,GRNV.AX,IOZ.AX,MVE.AX,MVOL.AX,MVW.AX,QOZ.AX,VAS.AX,VEU.AX,VSO.AX",93987940.0,7920737.57177859,24224436.622698408,2.37,0.041936253117984566,44.64286788925963,0.3269730353339496,0.6839696501137462
ALL.AX,11,"A200.AX,GEAR.AX,ILC.AX,IOZ.AX,IVE.AX,MVOL.AX,MVW.AX,QOZ.AX,VAS.AX,VEU.AX,VLC.AX",20585133.0,29948913.155899525,75362439.9684127,56.57,0.03420635666838187,67.80498281409636,0.3973984012254947,0.6801402650676716
REH.AX,12,"A200.AX,AUMF.AX,EX20.AX,FAIR.AX,GEAR.AX,IOZ.AX,ISO.AX,MVW.AX,QOZ.AX,VAS.AX,VEU.AX,VSO.AX",11108836.0,6377180.141692501,8722918.90063492,16.22,0.018060447504351304,89.73667252895369,0.7310832777808265,0.6786196705803856
GOZ.AX,6,"AUMF.AX,ISO.AX,MVS.AX,VAP.AX,VAS.AX,VSO.AX",17020868.0,1087763.4416716287,1194664.825238095,2.3,0.022565033331159796,155.19241468419983,0.9105176771692756,0.6784718004826396
ANN.AX,12,"A200.AX,AUMF.AX,EX20.AX,GEAR.AX,GRNV.AX,HVST.AX,IOZ.AX,MVE.AX,QOZ.AX,VAS.AX,VEU.AX,VSO.AX",4965646.0,4689549.915176779,12640143.16793651,30.13,0.035152518298100816,54.042843068543824,0.3710044936098887,0.6740494700073197
BGA.AX,11,"A200.AX,AUMF.AX,EX20.AX,FAIR.AX,GEAR.AX,IOZ.AX,ISO.AX,MVS.AX,QOZ.AX,VAS.AX,VSO.AX",9551224.0,1923463.1063372314,4314935.531111111,5.67,0.03125677580560024,61.346128911516274,0.44576867776328816,0.6708688774295217
AMP.AX,13,"A200.AX,AUMF.AX,EX20.AX,GEAR.AX,HVST.AX,IOZ.AX,MVE.AX,QFN.AX,QOZ.AX,VAS.AX,VEU.AX,VHY.AX,VSO.AX",92938005.0,4885166.900602661,15686741.55714286,1.6,0.037583432610334186,43.638988533616,0.31142011760742183,0.6701671076413542
QUB.AX,11,"A200.AX,EX20.AX,GEAR.AX,IOZ.AX,MVE.AX,MVOL.AX,MVW.AX,QOZ.AX,VAS.AX,VEU.AX,VSO.AX",67523021.0,11754594.608064437,33377863.255079366,5.12,0.038139721457579816,50.356818126450214,0.352167378667526,0.6678889347361121
SFR.AX,12,"A200.AX,EX20.AX,GEAR.AX,GRNV.AX,IOZ.AX,MVE.AX,MVR.AX,QOZ.AX,QRE.AX,VAS.AX,VEU.AX,VSO.AX",16812767.0,11502234.617568137,32575993.627460316,20.71,0.03600542026893614,46.60845988147418,0.35308929480733303,0.6640044434006885
.AX,11,"BANK.AX,FLOT.AX,GDX.AX,GRNV.AX,MONY.AX,MVA.AX,MVE.AX,MVR.AX,MVS.AX,MVW.AX,PLUS.AX",1594433932.0,94811299.83633474,,,,,,0.6621983914209115
PMV.AX,12,"A200.AX,AUMF.AX,EX20.AX,GEAR.AX,GRNV.AX,IHD.AX,IOZ.AX,ISO.AX,QOZ.AX,VAS.AX,VHY.AX,VSO.AX",3917855.0,1837106.879247765,3936197.7758730156,14.63,0.024562405462107553,62.741893549730726,0.46672118217949815,0.6598722289103078
CSL.AX,15,"A200.AX,FAIR.AX,GEAR.AX,GRNV.AX,HVST.AX,ILC.AX,IOZ.AX,IVE.AX,IXJ.AX,MVOL.AX,MVW.AX,QOZ.AX,VAS.AX,VEU.AX,VLC.AX",17222260.0,49656650.20291854,214676456.64746028,112.88,0.035961220432981424,45.94851839348612,0.23130925010777606,0.653547779451933
MYS.AX,4,"ISO.AX,MVS.AX,QOZ.AX,VAS.AX",4082863.0,558692.6008201167,675428.8436507935,4.68,0.02395779340156502,136.97590575866712,0.8271672228273521,0.6513844172604553
MFG.AX,15,"A200.AX,AUMF.AX,EX20.AX,GEAR.AX,GRNV.AX,IHD.AX,IOZ.AX,ISO.AX,QFN.AX,QOZ.AX,VAS.AX,VEU.AX,VHY.AX,VSO.AX,ZYAU.AX",6327737.0,1963345.5772166676,7247966.359047617,10.15,0.03419254535419389,40.875664501703625,0.2708822695852925,0.6499968175198823
ASX.AX,15,"A200.AX,AUMF.AX,EX20.AX,FAIR.AX,GEAR.AX,GRNV.AX,IOZ.AX,IVE.AX,MVOL.AX,MVW.AX,QFN.AX,QOZ.AX,VAS.AX,VEU.AX,WDMF.AX",7919388.0,12106147.71734115,55095488.926507935,52.05,0.04056848025321852,37.9144599611026,0.21973028923456114,0.6463066824400624
VSL.AX,5,"AUMF.AX,ISO.AX,MVOL.AX,VAS.AX,VSO.AX",2220330.0,334854.8674846482,268170.17619047617,5.03,0.015152738388935258,219.46484330505785,1.248665575872267,0.6428492909105076
RIO.AX,20,"A200.AX,AUMF.AX,GEAR.AX,HVST.AX,IHD.AX,ILC.AX,IOZ.AX,IVE.AX,MVOL.AX,MVR.AX,MVW.AX,QOZ.AX,QRE.AX,VAS.AX,VEU.AX,VHY.AX,VLC.AX,VVLU.AX,WDMF.AX,ZYAU.AX",16988012.0,97582280.99357827,237129534.66492066,175.99,0.01046048698657502,62.96109371847518,0.4115146648917788,0.6389982814607365
SGH.AX,12,"A200.AX,EX20.AX,GEAR.AX,HVST.AX,IOZ.AX,IVE.AX,MVE.AX,MVOL.AX,MVW.AX,QOZ.AX,VAS.AX,VEU.AX",7934766.0,10364050.301524473,23415798.80206349,44.57,0.019495827600332923,69.84082492186029,0.4426092993509644,0.6370375993564806
NST.AX,16,"A200.AX,AUMF.AX,EX20.AX,GDX.AX,GEAR.AX,GRNV.AX,ILC.AX,IOZ.AX,IVE.AX,MVOL.AX,MVR.AX,MVW.AX,QOZ.AX,QRE.AX,VAS.AX,VEU.AX",53892714.0,32566800.281305354,157286095.86063495,21.2,0.03775956540753206,35.7366693164798,0.2070545403464113,0.633384370071957
GMD.AX,13,"A200.AX,EX20.AX,GDX.AX,GEAR.AX,IOZ.AX,MVE.AX,MVOL.AX,MVR.AX,QOZ.AX,QRE.AX,VAS.AX,VEU.AX,VSO.AX",40865164.0,8215432.536449931,30593515.24984127,6.16,0.03577357562364139,39.83656443074446,0.2685350954069443,0.6329587572524881
EMR.AX,13,"A200.AX,AUMF.AX,EX20.AX,GDX.AX,GEAR.AX,IOZ.AX,ISO.AX,MVOL.AX,MVS.AX,QOZ.AX,QRE.AX,VAS.AX,VSO.AX",18643717.0,3911006.135088725,11765255.077936508,6.1,0.028214888863053164,46.097261678140804,0.3324200035767241,0.632350898062967
ABG.AX,5,"AUMF.AX,ISO.AX,VAP.AX,VAS.AX,VSO.AX",24445497.0,676439.0220018688,1357541.1582539682,1.03,0.027354420818702457,90.09306593240314,0.4982825145956428,0.6304628807590545
WHC.AX,13,"A200.AX,EX20.AX,GEAR.AX,IOZ.AX,MVE.AX,MVOL.AX,MVR.AX,MVW.AX,QOZ.AX,QRE.AX,VAS.AX,VEU.AX,VSO.AX",35008446.0,10528029.907662917,45022665.66301588,8.27,0.04251965036495192,33.382252057790254,0.2338384400973225,0.627838004080159
CAR.AX,12,"A200.AX,EX20.AX,FAIR.AX,GEAR.AX,GRNV.AX,IOZ.AX,IVE.AX,MVOL.AX,MVW.AX,QOZ.AX,VAS.AX,VEU.AX",15069480.0,12361219.947983392,50083327.75904761,26.83,0.03977599592756032,38.054553291564886,0.2468130713568713,0.6259774274367098
RSG.AX,12,"A200.AX,AUMF.AX,EX20.AX,GDX.AX,GEAR.AX,IOZ.AX,ISO.AX,MVS.AX,QOZ.AX,QRE.AX,VAS.AX,VSO.AX",70355954.0,3003337.7051988305,10397501.137857137,1.15,0.03291633491217703,43.417633605868375,0.2888518755976593,0.6217899530200091
WGX.AX,13,"A200.AX,AUMF.AX,EX20.AX,GDX.AX,GEAR.AX,IOZ.AX,MVE.AX,MVOL.AX,MVR.AX,QOZ.AX,QRE.AX,VAS.AX,VSO.AX",33163524.0,6137809.310217192,23925615.009523813,5.13,0.035099932375025386,38.489874256559204,0.2565371593488393,0.6186423430077072
IMD.AX,9,"A200.AX,AUMF.AX,EX20.AX,GEAR.AX,IOZ.AX,ISO.AX,QOZ.AX,VAS.AX,VSO.AX",15559839.0,2187870.711297445,5389445.796507936,4.32,0.030399702329188236,57.89805061788328,0.40595467398801277,0.6183859558249811
NEU.AX,8,"A200.AX,EX20.AX,FAIR.AX,GEAR.AX,IOZ.AX,ISO.AX,VAS.AX,VSO.AX",3937687.0,1867083.120584281,4486041.27015873,12.42,0.031060689652440174,55.975207023687574,0.41619838252585173,0.6182042965676404
SIG.AX,12,"A200.AX,EX20.AX,GEAR.AX,GRNV.AX,IOZ.AX,IVE.AX,IXJ.AX,MVOL.AX,MVW.AX,VAS.AX,VEU.AX,VMIN.AX",204712867.0,16743711.201700931,40640259.072380945,2.76,0.017733726336095816,70.22501454504243,0.41199814134747803,0.616302847002817
PWH.AX,5,"AUMF.AX,ISO.AX,MVS.AX,VAS.AX,VSO.AX",2304129.0,661317.0636431116,1184734.0857142855,8.13,0.022909760039331477,86.5226834549295,0.5581987313586899,0.6119078254991281
LYC.AX,12,"A200.AX,EX20.AX,GEAR.AX,IOZ.AX,IVE.AX,MVOL.AX,MVR.AX,MVW.AX,QOZ.AX,QRE.AX,VAS.AX,VEU.AX",34740004.0,18967608.699498262,76952707.02301589,18.62,0.03451556385448953,43.38649948170998,0.2464839696129886,0.6095918359508318
ASK.AX,5,"AUMF.AX,ISO.AX,VAP.AX,VAS.AX,VSO.AX",23326882.0,894160.2403623323,1367740.1907936505,1.36,0.017751182881951946,118.7164726887342,0.6537500662633035,0.6084182634852108
AUB.AX,12,"A200.AX,EX20.AX,GEAR.AX,GRNV.AX,IOZ.AX,ISO.AX,MVOL.AX,MVS.AX,QFN.AX,QOZ.AX,VAS.AX,VSO.AX",4126515.0,3887662.074006804,13144979.224920632,28.26,0.031586793248707674,40.290703351079785,0.29575262215983283,0.6081980578092027
SGLLV.AX,3,"ISO.AX,MVS.AX,VAS.AX",1466412.0,549383.2713193704,724345.2820634921,14.21,0.021518728470642866,131.20544205165962,0.7584549591519455,0.6079743129958222
GNC.AX,12,"A200.AX,AUMF.AX,EX20.AX,GEAR.AX,IHD.AX,IOZ.AX,ISO.AX,QOZ.AX,VAS.AX,VHY.AX,VSO.AX,ZYAU.AX",9338128.0,1694953.9263347085,7632138.889365079,5.07,0.04211244132599173,34.1020235987494,0.22208111656570134,0.6073200389798945
SLC.AX,13,"AUMF.AX,FAIR.AX,GEAR.AX,GLIN.AX,GRNV.AX,IFRA.AX,IOZ.AX,ISO.AX,MVS.AX,QOZ.AX,VAS.AX,VBLD.AX,VSO.AX",16223086.0,1909493.928690187,7253396.261904764,3.41,0.03151864903380814,38.65869029303527,0.2632551510688798,0.6065158591763522
SSM.AX,7,"AUMF.AX,GRNV.AX,ISO.AX,MVS.AX,QOZ.AX,VAS.AX,VSO.AX",15595576.0,1171214.4833750837,2608162.27936508,2.67,0.025219015265021474,65.2466830998416,0.44905736603943186,0.6051767099520542
MIN.AX,13,"A200.AX,ACDC.AX,EX20.AX,GEAR.AX,IOZ.AX,MVE.AX,MVR.AX,MVW.AX,QOZ.AX,QRE.AX,VAS.AX,VEU.AX,VSO.AX",7306393.0,18663652.37370305,73282666.37507935,66.63,0.03718661944559564,31.911050397056222,0.2546803125063398,0.6028441440719723
IRE.AX,12,"A200.AX,AUMF.AX,EX20.AX,FAIR.AX,GEAR.AX,GRNV.AX,IOZ.AX,ISO.AX,MVS.AX,QOZ.AX,VAS.AX,VSO.AX",6717779.0,1487306.4305420325,5905419.523333333,6.15,0.03596444089660182,36.87574936254247,0.2518544913981856,0.6024019055374057
DTL.AX,10,"A200.AX,AUMF.AX,EX20.AX,GEAR.AX,GRNV.AX,IOZ.AX,ISO.AX,QOZ.AX,VAS.AX,VSO.AX",4792612.0,1525148.6176011667,4209850.94873016,9.78,0.030904557155019753,45.782933669349795,0.36228090642050065,0.6020737534280249
HUB.AX,10,"A200.AX,EX20.AX,GEAR.AX,GRNV.AX,IOZ.AX,MVE.AX,QOZ.AX,VAS.AX,VEU.AX,VSO.AX",2722714.0,7031180.318643891,24811912.33984126,73.43,0.03330511743850441,45.662981810515014,0.2833792181086222,0.5984511582581518
ELD.AX,11,"A200.AX,EX20.AX,GEAR.AX,IHD.AX,IOZ.AX,ISO.AX,QOZ.AX,VAS.AX,VHY.AX,VSO.AX,ZYAU.AX",8152589.0,1597050.802430163,7337803.4580952395,5.15,0.04413032941892599,33.940536257361025,0.21764698544334252,0.595463637969841
SRG.AX,10,"A200.AX,AUMF.AX,EX20.AX,GEAR.AX,IOZ.AX,ISO.AX,MVS.AX,QOZ.AX,VAS.AX,VSO.AX",19904685.0,2430704.566872314,7227900.237460317,4.02,0.031766568917730574,42.698970360405426,0.33629470344300105,0.5948920096703499
EVT.AX,7,"GEAR.AX,IOZ.AX,ISO.AX,MVS.AX,QOZ.AX,VAS.AX,VSO.AX",2938486.0,1219359.633154296,2390510.032698413,13.2,0.018080495630033205,76.4862967673612,0.5100834618869515,0.5866851012741992
NIC.AX,11,"A200.AX,EX20.AX,FAIR.AX,GEAR.AX,IOZ.AX,ISO.AX,QOZ.AX,QRE.AX,VAS.AX,VHY.AX,VSO.AX",98626995.0,3613247.6281633526,10242120.612936508,0.955,0.022714981941339817,47.89885669592879,0.35278315543360916,0.5778787014164232
CMM.AX,12,"A200.AX,EX20.AX,GDX.AX,GEAR.AX,IOZ.AX,MVE.AX,MVOL.AX,MVR.AX,QOZ.AX,QRE.AX,VAS.AX,VSO.AX",15309829.0,7504359.000029189,29176593.389047623,13.67,0.0335162834203802,32.85050850040796,0.2572047702747296,0.5773691589144012
TWE.AX,10,"A200.AX,EX20.AX,GEAR.AX,IOZ.AX,MVE.AX,QOZ.AX,VAS.AX,VEU.AX,VHY.AX,VSO.AX",33741719.0,5101007.386722446,21852869.78603175,4.69,0.041788657367092606,32.55747176495174,0.23342505751729625,0.5753954889990441
CIA.AX,12,"A200.AX,EX20.AX,GEAR.AX,GRNV.AX,IOZ.AX,ISO.AX,MVS.AX,QOZ.AX,QRE.AX,VAS.AX,VHY.AX,VSO.AX",14973963.0,2289501.5545664583,8638627.43698413,3.96,0.02673697937190022,41.19809195155669,0.2650307090180239,0.5753143083208687
DGT.AX,4,"ISO.AX,VAP.AX,VAS.AX,VSO.AX",23429765.0,1654785.654734283,6324755.090952382,2.46,0.042329881962242855,43.96738867211131,0.2616363212389786,0.5687339874610283
BPT.AX,15,"A200.AX,AUMF.AX,EX20.AX,GEAR.AX,IOZ.AX,ISO.AX,MVR.AX,QOZ.AX,QRE.AX,VAS.AX,VEU.AX,VHY.AX,VSO.AX,VVLU.AX,ZYAU.AX",70519529.0,2569157.839389676,12589526.593650794,0.95,0.030932834474974573,32.716879521726206,0.20407104431435613,0.5676656672947492
HVN.AX,14,"A200.AX,AUMF.AX,EX20.AX,GEAR.AX,IHD.AX,IOZ.AX,ISO.AX,MVOL.AX,QOZ.AX,VAS.AX,VEU.AX,VHY.AX,VSO.AX,ZYAU.AX",23049322.0,3653733.074559725,12378410.005555553,4.84,0.018498554503522554,43.256597905812065,0.2951698217234599,0.5668799568499592
JDO.AX,11,"A200.AX,EX20.AX,GEAR.AX,GRNV.AX,IOZ.AX,ISO.AX,MVS.AX,QFN.AX,QOZ.AX,VAS.AX,VSO.AX",36009960.0,1899553.1595522703,7413209.615714287,1.52,0.03211492106350351,34.77790437950794,0.25623896503960414,0.5641189797627186
KLS.AX,8,"AUMF.AX,FAIR.AX,IHD.AX,ISO.AX,MVS.AX,QOZ.AX,VAS.AX,VSO.AX",6235561.0,920570.4957540886,2360787.8890476194,4.39,0.022953828067231608,53.81829879196354,0.38994206130287373,0.5617306985324377
GGP.AX,12,"A200.AX,EX20.AX,GDX.AX,GEAR.AX,IOZ.AX,MVE.AX,MVOL.AX,MVR.AX,QRE.AX,VAS.AX,VSO.AX,WDMF.AX",18295260.0,9123397.524489965,33973144.25619047,13.67,0.027188413048104088,35.15730875863779,0.26854734008988673,0.5617019464706845
FBU.AX,6,"A200.AX,EX20.AX,FAIR.AX,GEAR.AX,QOZ.AX,VAS.AX",13482289.0,1160794.0296585856,2275570.8646031744,2.79,0.012593248864680787,74.23031217162045,0.5101111319866589,0.5539752798113338
IGO.AX,12,"A200.AX,EX20.AX,GEAR.AX,GRNV.AX,IOZ.AX,MVE.AX,MVR.AX,QOZ.AX,QRE.AX,VAS.AX,VEU.AX,VSO.AX",25113686.0,7603762.8750281455,32982006.193809524,7.94,0.0331635460662566,31.891938332959178,0.2305427641468127,0.5508710009119451
ILU.AX,12,"A200.AX,EX20.AX,GEAR.AX,GRNV.AX,IOZ.AX,ISO.AX,MVR.AX,QOZ.AX,QRE.AX,VAS.AX,VEU.AX,VSO.AX",15585315.0,4049620.708059173,19712918.896349207,8.13,0.03615033721757145,30.1341382841837,0.2054297858856993,0.5501035019352771
CNU.AX,7,"A200.AX,EX20.AX,FAIR.AX,GEAR.AX,QOZ.AX,VAS.AX,VBLD.AX",10680952.0,2510710.0809123935,8051425.451269844,8.01,0.024616881269744803,54.01975085470262,0.3118342330942669,0.550029350148534
GWA.AX,3,"ISO.AX,MVS.AX,VAS.AX",6597905.0,447653.1877161368,1053531.6109523808,2.36,0.02487849846809434,65.70101996946255,0.42490721973825096,0.5448736171300833
AN3PL.AX,2,"BANK.AX,BHYB.AX",421507.0,2193184.699981087,1223107.215079365,105.87,0.00023567185808789473,180.179596472801,1.7931254700666412,0.5404596653567286
WBCPL.AX,2,"BANK.AX,BHYB.AX",375812.0,1939585.0682609759,1110696.6111904765,104.595,0.00011002462552948211,175.81756560069866,1.7462780103218942,0.5383127148859959
CBAPK.AX,2,"BANK.AX,BHYB.AX",435537.0,2245513.449817722,1335889.7244444445,103.86,0.000260490557509009,168.00429457844675,1.6809122854444907,0.5383086215581203
PDN.AX,11,"A200.AX,EX20.AX,GEAR.AX,IOZ.AX,ISO.AX,MVR.AX,QOZ.AX,QRE.AX,URNM.AX,VAS.AX,VSO.AX",16111977.0,6125297.325444464,35266690.94730158,9.83,0.04406420036827975,25.987594864856867,0.17368505978055587,0.538161141039837
MSB.AX,8,"A200.AX,EX20.AX,FAIR.AX,GEAR.AX,IOZ.AX,ISO.AX,VAS.AX,VSO.AX",30806430.0,2252179.2247436256,7164964.810793649,2.16,0.023828760426755156,44.93549580672212,0.3143322101667316,0.5380753567395601
DYL.AX,9,"A200.AX,EX20.AX,GEAR.AX,IOZ.AX,ISO.AX,QRE.AX,URNM.AX,VAS.AX,VSO.AX",38671953.0,2397433.5765616866,10627618.055714285,1.57,0.03964180094671229,31.456633847490505,0.22558522182424764,0.5380052763325538
CYL.AX,10,"A200.AX,EX20.AX,GDX.AX,GEAR.AX,IOZ.AX,ISO.AX,MVS.AX,QRE.AX,VAS.AX,VSO.AX",8659532.0,1780354.8103849823,7549841.903968253,6.1,0.03318527659085248,33.51340987869588,0.23581352206186126,0.5368486203948689
RWC.AX,10,"A200.AX,AUMF.AX,EX20.AX,GEAR.AX,GRNV.AX,IOZ.AX,ISO.AX,QOZ.AX,VAS.AX,VSO.AX",23873777.0,2814245.1403389205,11442610.767936505,3.67,0.03191515872680593,33.28508826147209,0.2459443213977666,0.5347159965717008
SGM.AX,14,"A200.AX,AUMF.AX,EX20.AX,FAIR.AX,GEAR.AX,GRNV.AX,IOZ.AX,ISO.AX,MVOL.AX,QOZ.AX,QRE.AX,VAS.AX,VEU.AX,VSO.AX",5819582.0,5528165.959290679,24757708.24142857,29.15,0.03011691724855819,26.807126572227773,0.2232906982092981,0.534466940067315
RRL.AX,13,"A200.AX,AUMF.AX,EX20.AX,GDX.AX,GEAR.AX,IOZ.AX,MVE.AX,MVOL.AX,MVR.AX,QOZ.AX,QRE.AX,VAS.AX,VSO.AX",26324554.0,6260639.691387055,33104396.443809528,7.04,0.034763267710088586,26.623467929693813,0.1891180738490034,0.5319702185705396
WAF.AX,11,"A200.AX,AUMF.AX,EX20.AX,GDX.AX,GEAR.AX,IOZ.AX,ISO.AX,MVS.AX,QRE.AX,VAS.AX,VSO.AX",36560279.0,4049038.4860936333,18052654.534126986,3.21,0.031985958949389055,32.04021912378014,0.22429047641936953,0.5297370722719287
PLS.AX,15,"A200.AX,ACDC.AX,EX20.AX,FAIR.AX,GEAR.AX,GRNV.AX,IOZ.AX,IVE.AX,MVOL.AX,MVR.AX,MVW.AX,QOZ.AX,QRE.AX,VAS.AX,VEU.AX",130622245.0,25786824.71401006,187181775.58269843,5.53,0.04055332637834938,20.821373327680384,0.13776354366623278,0.5295485981175081
AN3PI.AX,2,"BANK.AX,BHYB.AX",373440.0,1903590.8882853845,1410394.9145317464,102.8445,0.0003997620709152482,135.62492433806614,1.3496864379416598,0.5268411635147311
BRG.AX,9,"A200.AX,EX20.AX,FAIR.AX,GEAR.AX,IOZ.AX,ISO.AX,QOZ.AX,VAS.AX,VSO.AX",3279094.0,3460050.467690677,11039926.473650793,31.15,0.022639647737860407,42.83092485872712,0.313412455775756,0.5268079779289517
MMS.AX,9,"AUMF.AX,GRNV.AX,IHD.AX,ISO.AX,MVS.AX,QOZ.AX,VAS.AX,VHY.AX,VSO.AX",1958787.0,1238287.5304373452,4625989.0755555555,19.54,0.02812610492127059,36.252133202805936,0.26768059980527165,0.5252852599592424
SLX.AX,7,"A200.AX,EX20.AX,GEAR.AX,IOZ.AX,ISO.AX,VAS.AX,VSO.AX",7057606.0,1414961.251928899,5217653.846349206,5.7,0.029928995652800324,38.54963106626554,0.27118726032754126,0.524898363656516
AN3PJ.AX,2,"BANK.AX,BHYB.AX",319510.0,1635615.5733300378,1214076.6095238093,103.115,0.0001063246520973674,134.76867393408972,1.3472095257411856,0.5211227844725698
OBM.AX,11,"A200.AX,AUMF.AX,EX20.AX,GDX.AX,GEAR.AX,IOZ.AX,ISO.AX,MVS.AX,QRE.AX,VAS.AX,VSO.AX",47285454.0,2191952.3868784183,9099257.035396826,1.3,0.024532776117544515,33.78569296932463,0.24089355629273368,0.5140862331397142
CKF.AX,7,"A200.AX,AUMF.AX,EX20.AX,ISO.AX,QOZ.AX,VAS.AX,VSO.AX",2934859.0,820101.0336930098,3025851.4839682537,8.58,0.02484306890854356,41.267722169414505,0.27103148916532016,0.5113453550605275
XRO.AX,11,"A200.AX,EX20.AX,FAIR.AX,GEAR.AX,GRNV.AX,IOZ.AX,IVE.AX,MVOL.AX,QOZ.AX,VAS.AX,VEU.AX",5986607.0,12421401.443742879,73180499.03682539,68.62,0.03452135444269168,31.624106485991458,0.16973649547664696,0.5082143543022193
HSN.AX,5,"AUMF.AX,ISO.AX,QOZ.AX,VAS.AX,VSO.AX",4040563.0,528794.5842348179,1726845.9671428571,4.23,0.019838890880482615,56.02780385235865,0.30621989123310855,0.5073703715490667
PXA.AX,9,"A200.AX,EX20.AX,FAIR.AX,GEAR.AX,IOZ.AX,ISO.AX,QOZ.AX,VAS.AX,VSO.AX",4427566.0,1695638.934895036,7146072.228095237,11.16,0.02516574729999819,38.76137995167484,0.23728264713425704,0.5052647933198645
AIA.AX,4,"A200.AX,EX20.AX,GEAR.AX,VAS.AX",9432712.0,1940162.017749161,4061536.3013492054,6.835,0.00556459635888607,78.75880876499218,0.47769165995257923,0.5033369346570988
BGL.AX,10,"A200.AX,EX20.AX,GDX.AX,GEAR.AX,IOZ.AX,ISO.AX,QOZ.AX,QRE.AX,VAS.AX,VSO.AX",46788719.0,2455703.1042820606,11304483.243174601,1.47,0.031434427842851026,31.99186448609853,0.21723267233508972,0.5024912728713323
NHC.AX,13,"A200.AX,EX20.AX,GEAR.AX,IOZ.AX,ISO.AX,MVOL.AX,QOZ.AX,QRE.AX,VAS.AX,VEU.AX,VHY.AX,VSO.AX,ZYAU.AX",21375288.0,4127931.400971275,20773291.2984127,5.57,0.02533298248583252,28.765295385276357,0.19871340278594624,0.4984294899581778
TAH.AX,9,"A200.AX,AUMF.AX,EX20.AX,GEAR.AX,IOZ.AX,ISO.AX,QOZ.AX,VAS.AX,VSO.AX",71018710.0,1968611.7944516945,8852676.884444444,0.855,0.030976769306453357,33.27888461334701,0.22237474835559146,0.49730941059370815
IPH.AX,9,"AUMF.AX,FAIR.AX,GRNV.AX,IHD.AX,ISO.AX,MVS.AX,QOZ.AX,VAS.AX,VSO.AX",7539372.0,1031255.162365961,4311303.35936508,4.15,0.029416985469880357,32.495322396430474,0.23919800496660776,0.49590744579632795
ARB.AX,10,"A200.AX,AUMF.AX,EX20.AX,FAIR.AX,GEAR.AX,IOZ.AX,ISO.AX,QOZ.AX,VAS.AX,VSO.AX",2555808.0,1717379.8233201164,7839840.095555556,19.59,0.030549912125622556,31.435182818921668,0.21905801679471848,0.49319532526592913
FLT.AX,11,"A200.AX,EX20.AX,FAIR.AX,GEAR.AX,IOZ.AX,ISO.AX,QOZ.AX,VAS.AX,VEU.AX,VHY.AX,VSO.AX",7675432.0,2966534.5974518145,17639829.86031746,11.94,0.037231137732162085,23.889772251156984,0.1681725175890345,0.4924059220467956
LLC.AX,10,"A200.AX,EX20.AX,GEAR.AX,GRNV.AX,IOZ.AX,ISO.AX,QOZ.AX,VAS.AX,VEU.AX,VSO.AX",21995704.0,2009657.0108778463,10916511.93825397,2.98,0.03183671246521572,30.222351184473847,0.18409332781797685,0.48457477675999383
PNI.AX,10,"A200.AX,EX20.AX,GEAR.AX,IOZ.AX,ISO.AX,MVS.AX,QFN.AX,VAS.AX,VHY.AX,VSO.AX",6127496.0,3419906.6278361375,14950060.973015875,16.74,0.02607900021008826,31.544301046080168,0.22875536320613682,0.48322397856105803
SIQ.AX,10,"A200.AX,AUMF.AX,EX20.AX,FAIR.AX,GRNV.AX,IHD.AX,ISO.AX,QOZ.AX,VAS.AX,VSO.AX",3867839.0,1520413.7669080598,6662469.04920635,12.33,0.027997054130962346,29.110801600608802,0.22820575310427527,0.48105042145913424
FPH.AX,6,"A200.AX,EX20.AX,FAIR.AX,GEAR.AX,HVST.AX,VAS.AX",5212175.0,5186382.266048825,14113964.19238095,30.88,0.0088749745357094,55.61849351566196,0.367464604228524,0.48094212385554175
COH.AX,13,"A200.AX,AUMF.AX,EX20.AX,FAIR.AX,GEAR.AX,GRNV.AX,IOZ.AX,IVE.AX,IXJ.AX,MVW.AX,QOZ.AX,VAS.AX,VEU.AX",2596091.0,8560575.961382462,74073492.09968254,112.97,0.039696238395431474,19.42578534739388,0.11556868346185545,0.4803124207809367
ABB.AX,8,"FAIR.AX,GEAR.AX,GRNV.AX,IOZ.AX,ISO.AX,QOZ.AX,VAS.AX,VSO.AX",7698042.0,1319382.5434533914,5623393.465555555,5.13,0.024405300784655623,36.048849717982584,0.23462390663838154,0.47861567601913435
NAN.AX,5,"AUMF.AX,FAIR.AX,ISO.AX,VAS.AX,VSO.AX",7102080.0,667427.5277025136,2779045.3263492063,3.31,0.023759858270493,43.91482732021006,0.2401643187947942,0.47650258603944734
VEA.AX,11,"A200.AX,EX20.AX,GEAR.AX,IOZ.AX,ISO.AX,QOZ.AX,QRE.AX,VAS.AX,VHY.AX,VSO.AX,ZYAU.AX",45728219.0,3504719.249884787,18646698.24095238,2.13,0.027889711751563483,29.242404521503982,0.1879538781931714,0.4760755904872377
AEF.AX,2,"ISO.AX,VAS.AX",2183206.0,220537.27007842914,668435.7444444443,4.27,0.019179517575234294,71.61074905932195,0.3299303963191314,0.4757789449310224
DDR.AX,8,"AUMF.AX,IHD.AX,ISO.AX,MVS.AX,QOZ.AX,VAS.AX,VHY.AX,VSO.AX",3961881.0,1421286.620922405,5561752.345873016,12.2,0.021842856194352427,36.128880566844686,0.2555465494570325,0.47507699407071036
REA.AX,14,"A200.AX,EX20.AX,FAIR.AX,GEAR.AX,GRNV.AX,HVST.AX,IOZ.AX,IVE.AX,MVE.AX,MVOL.AX,MVW.AX,QOZ.AX,VAS.AX,VEU.AX",2103064.0,9636831.261293883,49078231.91476189,135.77,0.0160711219726219,33.870639053699165,0.1963565288584752,0.47237115619502673
RMD.AX,7,"A200.AX,EX20.AX,FAIR.AX,GEAR.AX,HVST.AX,QOZ.AX,VAS.AX",15212092.0,13421242.193110874,44964728.78571429,27.0,0.010487019999171706,49.09583354939128,0.29848377952131505,0.46571293590375296
VUL.AX,6,"FAIR.AX,GEAR.AX,IOZ.AX,ISO.AX,VAS.AX,VSO.AX",10706291.0,1274715.203226738,8268614.75984127,3.3,0.045155785218472494,23.005261681550454,0.1541630902213188,0.46323643412979465
CDA.AX,9,"A200.AX,AUMF.AX,EX20.AX,GEAR.AX,GRNV.AX,IOZ.AX,ISO.AX,VAS.AX,VSO.AX",3511740.0,5074147.23131142,20295709.10476191,42.55,0.019308502111127942,34.02179243792242,0.25001083751840386,0.46023818668867333
FPR.AX,2,"ISO.AX,VAS.AX",3917499.0,278995.6737436218,802212.4847619047,2.8,0.018169601341905903,65.63410724081724,0.34778276210252107,0.4600400992494834
DMP.AX,10,"A200.AX,EX20.AX,GEAR.AX,IOZ.AX,ISO.AX,QOZ.AX,VAS.AX,VEU.AX,VHY.AX,VSO.AX",2485017.0,1407528.493405326,7050725.589682538,16.86,0.02622795987378873,29.230861940346855,0.199628885779499,0.4595829634157449
CTD.AX,6,"GRNV.AX,IOZ.AX,ISO.AX,MVS.AX,VAS.AX,VSO.AX",3124202.0,1010534.7828169964,5001894.676349207,16.07,0.021351006816615156,47.882799092812796,0.20203040011921394,0.4592884193938144
IPX.AX,8,"A200.AX,EX20.AX,GEAR.AX,IOZ.AX,ISO.AX,QRE.AX,VAS.AX,VSO.AX",9402784.0,1643303.0946772264,7348552.512063493,4.35,0.027705437097223014,29.397051452505426,0.2236226919491363,0.4585092494943698
PME.AX,9,"A200.AX,EX20.AX,FAIR.AX,GEAR.AX,IOZ.AX,IVE.AX,MVW.AX,VAS.AX,VEU.AX",2253639.0,10841210.60082364,47200204.7531746,174.64,0.021572124036823785,33.502527804671544,0.2296856688973257,0.4566196848466758
LNW.AX,6,"A200.AX,EX20.AX,GEAR.AX,QOZ.AX,VAS.AX,VEU.AX",2090991.0,6901618.333675119,34315372.9552381,124.51,0.026582052254973274,35.95721620677783,0.20112322085724604,0.45490446523908656
PNR.AX,11,"A200.AX,AUMF.AX,EX20.AX,GDX.AX,GEAR.AX,IOZ.AX,ISO.AX,MVS.AX,QRE.AX,VAS.AX,VSO.AX",12136815.0,1273296.0431213896,7974969.988095238,2.79,0.031076770035565866,24.17179400166343,0.15966154669197782,0.45167321635706986
KCN.AX,10,"A200.AX,AUMF.AX,EX20.AX,GDX.AX,IOZ.AX,ISO.AX,MVS.AX,QRE.AX,VAS.AX,VSO.AX",8111876.0,1624740.1456613862,8905873.094285715,5.86,0.03035446855848777,25.569827822410904,0.18243468422022205,0.45022561589220833
RDX.AX,5,"AUMF.AX,ISO.AX,VAS.AX,VHY.AX,VSO.AX",5835477.0,592291.6608822474,1977527.252222222,4.07,0.011113470730568864,49.30465882725806,0.29951125083948493,0.4487580096988825
KAR.AX,11,"A200.AX,AUMF.AX,EX20.AX,GEAR.AX,IOZ.AX,ISO.AX,QOZ.AX,QRE.AX,VAS.AX,VHY.AX,VSO.AX",28819044.0,1828016.6297655653,16129669.642698413,1.4,0.04056523520030629,17.48173705154842,0.11333255238696552,0.44579519752776164
TYR.AX,3,"FAIR.AX,ISO.AX,VAS.AX",11101262.0,268173.81728322,988293.0788095238,0.86,0.02090525463203613,44.66945258760081,0.27135049615672335,0.4439423850383928
BVS.AX,5,"AUMF.AX,ISO.AX,MVS.AX,VAS.AX,VSO.AX",8619016.0,626338.3628293676,2420279.965873015,2.09,0.01922600152347093,38.05633114596233,0.2587875665877531,0.44220049844223086
NCK.AX,10,"A200.AX,AUMF.AX,EX20.AX,GEAR.AX,IOZ.AX,ISO.AX,MVS.AX,QOZ.AX,VAS.AX,VSO.AX",2633911.0,1417706.01191301,8467698.620793652,16.27,0.030794919611036566,23.554842384102802,0.1674251854490462,0.4373193531005587
JIN.AX,4,"IHD.AX,ISO.AX,MVS.AX,VAS.AX",1483254.0,370314.0251899433,1539231.4493650799,7.52,0.02342120729078805,36.57630667967227,0.24058371815537863,0.4357806513988098
PDI.AX,10,"A200.AX,EX20.AX,GDX.AX,GEAR.AX,IOZ.AX,ISO.AX,MVOL.AX,QRE.AX,VAS.AX,VSO.AX",105053852.0,2961179.612090794,23857148.748412695,0.97,0.038741513780668015,19.28175991779281,0.12412127045516334,0.43575570185209367
VAU.AX,10,"A200.AX,EX20.AX,GEAR.AX,IOZ.AX,ISO.AX,MVOL.AX,QOZ.AX,QRE.AX,VAS.AX,VSO.AX",31532554.0,4852273.968253024,29672135.955079366,4.87,0.03047901941307423,23.88263810432923,0.16352964867776554,0.43445811691554026
WEB.AX,11,"A200.AX,EX20.AX,FAIR.AX,GEAR.AX,GRNV.AX,IOZ.AX,ISO.AX,MVS.AX,QOZ.AX,VAS.AX,VSO.AX",12857093.0,1134688.6808589974,9257094.757777778,2.94,0.035525847254296,18.526857409744256,0.12257503142718032,0.4272544689153998
IDX.AX,4,"ISO.AX,MVS.AX,QOZ.AX,VAS.AX",8707705.0,546917.3021651708,2446121.169365079,1.94,0.023340889985974212,37.98879184508115,0.22358553166322906,0.4250377123893951
MP1.AX,9,"A200.AX,EX20.AX,FAIR.AX,GEAR.AX,GRNV.AX,IOZ.AX,ISO.AX,VAS.AX,VSO.AX",6254286.0,4159626.385069729,24467931.301587302,21.35,0.035345224828509415,15.204719369947206,0.17000319045361562,0.4227453500124556
LTR.AX,12,"A200.AX,ACDC.AX,EX20.AX,FAIR.AX,GEAR.AX,GRNV.AX,IOZ.AX,ISO.AX,MVR.AX,QRE.AX,VAS.AX,VSO.AX",86607374.0,7017735.963157021,46805189.040476196,1.9,0.027242647785071922,19.641021232753918,0.14993499881152542,0.4227314184313885
FFM.AX,7,"A200.AX,EX20.AX,IOZ.AX,ISO.AX,QRE.AX,VAS.AX,VSO.AX",22751339.0,1534985.3741597815,9634257.417619048,1.84,0.034741051294956644,22.991237233035235,0.15932575886467526,0.42095034892053573
XPU6 INDEX.AX,5,"A200.AX,BEAR.AX,EX20.AX,HVST.AX,QOZ.AX",82.0,0.0,,,,,,0.41152815013404825
SNL.AX,3,"ISO.AX,VAS.AX,VSO.AX",541713.0,456682.56047439855,1742392.2112698415,32.92,0.012380936503120294,48.926334782623655,0.26210089641159035,0.4018077145512868
NWL.AX,9,"A200.AX,EX20.AX,GEAR.AX,IOZ.AX,ISO.AX,QFN.AX,VAS.AX,VEU.AX,VSO.AX",4048580.0,2712001.4053953923,13912701.913174603,21.3,0.016498102666320687,32.483917909316744,0.19492988653967125,0.39654600494491565
IEL.AX,11,"A200.AX,EX20.AX,FAIR.AX,GEAR.AX,GRNV.AX,IOZ.AX,ISO.AX,QOZ.AX,VAS.AX,VHY.AX,VSO.AX",10197203.0,726053.0410133551,10358336.791269844,2.35,0.03663627992731488,13.719240296925815,0.07009359278849507,0.3957153776341882
PFP.AX,2,"ISO.AX,VAS.AX",2370183.0,213466.43166850012,874433.9473015874,3.02,0.017178526199132054,47.96475320569074,0.24411956137708904,0.39271918234403924
ING.AX,7,"AUMF.AX,IHD.AX,ISO.AX,MVS.AX,QOZ.AX,VAS.AX,VSO.AX",10998969.0,784093.2154200341,4852860.505714285,2.0,0.029592609577101966,22.163110161558308,0.16157340902273157,0.39094830225659793
EQT.AX,3,"ISO.AX,QOZ.AX,VAS.AX",531799.0,219989.44896517665,1108452.8403174602,16.6,0.019848875054119825,42.97880547754575,0.19846532117881696,0.38951340427703385
TLX.AX,10,"A200.AX,EX20.AX,FAIR.AX,GEAR.AX,GRNV.AX,IOZ.AX,MVE.AX,VAS.AX,VEU.AX,VSO.AX",10133952.0,4615057.733778374,36225903.21412699,14.21,0.02991333690027964,19.751186867440648,0.12739662297719173,0.3893455503989623
L1G.AX,4,"AUMF.AX,ISO.AX,VAS.AX,VSO.AX",16901482.0,495781.6027799767,3115977.6869047624,1.16,0.030416501393029028,29.599514571608236,0.15910948427633265,0.3891228536092068
BMN.AX,3,"ISO.AX,URNM.AX,VAS.AX",5938277.0,698523.9302352758,3763980.4498412693,3.42,0.028586240925808252,29.70850181267931,0.18558117916492717,0.38365175875922786
CXU.AX,1,URNM.AX,46365877.0,277497.8105742444,589728.5213174603,0.105,0.022762101069209055,24.356062313732483,0.47055178873545256,0.3780831702769526
ALK.AX,8,"AUMF.AX,GDX.AX,GEAR.AX,IOZ.AX,ISO.AX,MVS.AX,VAS.AX,VSO.AX",31039991.0,1572477.9327928005,9758027.916349208,1.64,0.022719866398491925,25.17045419221983,0.16114710331563747,0.3776435106486882
JHX.AX,7,"A200.AX,EX20.AX,GEAR.AX,IOZ.AX,QOZ.AX,VAS.AX,VEU.AX",11567385.0,11462529.922408173,65827809.010000005,34.89,0.01993295605272008,26.43001722533867,0.1741289903886499,0.37388935833518977
RIC.AX,3,"ISO.AX,QOZ.AX,VAS.AX",6028395.0,437041.4274477471,1940501.3977777779,2.76,0.016082020983827498,42.59288166660349,0.22522087742283406,0.37383595851362816
A2M.AX,7,"A200.AX,EX20.AX,FAIR.AX,GEAR.AX,QOZ.AX,VAS.AX,VEU.AX",19284949.0,3016328.8307748325,24313178.90634921,6.77,0.02658430197336731,26.4238755440098,0.1240614747414679,0.3737849784743629
LOV.AX,7,"A200.AX,EX20.AX,GEAR.AX,IOZ.AX,ISO.AX,VAS.AX,VSO.AX",1961588.0,1521510.955762703,7988560.787936508,23.42,0.01771369583208401,27.524670185166705,0.19046121024206641,0.36964457732823114
ASB.AX,8,"A200.AX,EX20.AX,GEAR.AX,IOZ.AX,ISO.AX,QOZ.AX,VAS.AX,VSO.AX",9167957.0,1291355.0023283046,8052226.4336507935,4.46,0.021816221736437883,24.484926025785242,0.16037241537714905,0.3683455163793472
ZIP.AX,11,"A200.AX,EX20.AX,GEAR.AX,GRNV.AX,IOZ.AX,ISO.AX,MVS.AX,QFN.AX,QOZ.AX,VAS.AX,VSO.AX",40411001.0,3605859.4985759915,46231096.16015874,2.9,0.032221714790005324,9.523012632761974,0.07799640930174324,0.36784186146554304
GDG.AX,8,"A200.AX,EX20.AX,GEAR.AX,IOZ.AX,ISO.AX,QFN.AX,VAS.AX,VSO.AX",10492029.0,1359176.1372768444,9896542.647142855,3.72,0.02623548238055361,20.91338536364478,0.13733848129975373,0.36683507839326457
IFT.AX,4,"A200.AX,EX20.AX,GEAR.AX,VAS.AX",3561700.0,1372925.1063579414,5362619.533650794,12.33,0.00356415041637599,38.6227259820995,0.25601762305581166,0.36582158467756537
CBO.AX,2,"ISO.AX,VAS.AX",7639004.0,786316.7799570778,3351458.4246031735,3.865,0.015954771357202052,42.07646724222618,0.2346192851997503,0.35764959577015465
OCL.AX,4,"AUMF.AX,ISO.AX,VAS.AX,VSO.AX",692477.0,201345.73117702987,968171.1708730159,10.295,0.007213828091631682,39.06023036430207,0.20796501407439463,0.3514662838179665
A4N.AX,4,"FAIR.AX,ISO.AX,VAS.AX,VSO.AX",27456141.0,591451.6990748422,3109291.370952381,0.815,0.01891053716006681,29.813741856688893,0.19022073794701316,0.3484761078048679
ACL.AX,4,"IHD.AX,ISO.AX,QOZ.AX,VAS.AX",4112967.0,238148.19126823233,1429025.276349206,2.21,0.02205119818334597,28.89288802343001,0.16665079002426048,0.34769837550851096
CUV.AX,2,"ISO.AX,VAS.AX",845756.0,194805.3115032107,940675.4317460319,10.17,0.01677727844452085,41.807137369217905,0.20709088908766693,0.34760252249958573
WTC.AX,9,"A200.AX,EX20.AX,GEAR.AX,IOZ.AX,IVE.AX,MVW.AX,QOZ.AX,VAS.AX,VEU.AX",7692448.0,8263935.269376254,68128556.41825397,30.08,0.02288676541815613,22.13898299491315,0.12129913950682306,0.3470003643391032
REG.AX,5,"AUMF.AX,ISO.AX,MVS.AX,VAS.AX,VSO.AX",4595192.0,906199.9743113957,4909539.484444444,6.26,0.015197675377869558,29.14639178346617,0.18457942484883383,0.3355406539886901
YAL.AX,14,"A200.AX,AUMF.AX,EX20.AX,GEAR.AX,IOZ.AX,ISO.AX,MVOL.AX,QOZ.AX,QRE.AX,VAS.AX,VEU.AX,VHY.AX,VSO.AX,WDMF.AX",14967073.0,3187815.599691005,29160230.733492065,5.94,0.011334918194798047,18.28834381953598,0.1093206576047298,0.334878319518809
GQG.AX,10,"A200.AX,EX20.AX,GEAR.AX,IHD.AX,IOZ.AX,ISO.AX,QFN.AX,VAS.AX,VEU.AX,ZYAU.AX",24919740.0,1144494.5142629566,7315681.382539682,1.49,0.008349841825575816,26.59502729936989,0.15644400766202293,0.3344744902270425
AFG.AX,3,"ISO.AX,QOZ.AX,VAS.AX",4394347.0,177875.2211050869,1040306.6203174603,1.76,0.01616995510744775,37.12534997637255,0.17098345586881533,0.33228458724878984
MAQ.AX,4,"AUMF.AX,ISO.AX,VAS.AX,VSO.AX",324307.0,667919.3647017153,3614332.283968254,73.99,0.012582849855540099,32.47342058886357,0.18479744313060006,0.32563533825922725
UNI.AX,2,"ISO.AX,VAS.AX",1463478.0,249923.3072998881,1480369.751825397,7.545,0.019075372855050357,34.994035395326705,0.1688249216060485,0.32105729122656074
SMI.AX,2,"ISO.AX,VAS.AX",14723801.0,208030.239548016,1400628.3388888887,0.522,0.022942792268220286,33.09035888505546,0.14852636761087193,0.3209836113248006
DRO.AX,9,"A200.AX,ARMR.AX,EX20.AX,GEAR.AX,IOZ.AX,ISO.AX,MVS.AX,VAS.AX,VSO.AX",28101377.0,2964432.682235621,48201777.004285716,2.65,0.03041025170124089,10.221488419248702,0.06150048538608955,0.3175243103071752
CCP.AX,5,"IHD.AX,ISO.AX,MVS.AX,QOZ.AX,VAS.AX",1721191.0,643633.757076501,5337309.125396826,13.1,0.02528675376421496,18.400088407277565,0.12059143323999379,0.3138664828875849
NUF.AX,5,"AUMF.AX,ISO.AX,QOZ.AX,VAS.AX,VSO.AX",8654470.0,736126.960046916,5562286.847619048,2.68,0.022528650839809802,19.75138254741359,0.1323425023220471,0.3096298885363774
LIC.AX,2,"ISO.AX,VAS.AX",1965975.0,257303.58485675947,1408079.4999999998,4.9,0.01614895784422767,34.106359232444326,0.1827337056300866,0.3089328540591436
TPG.AX,14,"A200.AX,AUMF.AX,EX20.AX,FAIR.AX,GEAR.AX,IOZ.AX,ISO.AX,MVOL.AX,QOZ.AX,VAS.AX,VEU.AX,VHY.AX,VSO.AX,ZYAU.AX",19035540.0,2507484.3599058823,29644462.194126986,3.68,0.009697022367571265,12.930330793721591,0.08458525384895169,0.3083842548442286
TUA.AX,9,"A200.AX,EX20.AX,FAIR.AX,GEAR.AX,IOZ.AX,ISO.AX,MVS.AX,VAS.AX,VSO.AX",9853464.0,820455.0742226538,8675365.729841268,2.37,0.021102005014721786,16.476872612774994,0.09457296669355121,0.30404907494082234
OML.AX,3,"ISO.AX,QOZ.AX,VAS.AX",10749868.0,384293.19849942235,2428508.0823809523,1.46,0.020351427078521504,26.059579506311874,0.15824250340672308,0.30354737889840094
RPL.AX,4,"IHD.AX,ISO.AX,MVS.AX,VAS.AX",6445433.0,540847.5413177048,3326940.052698412,2.91,0.01745227501241827,24.86604304357336,0.16256606153123637,0.30050230510327147
AMC.AX,6,"A200.AX,EX20.AX,GEAR.AX,QOZ.AX,VAS.AX,ZYAU.AX",3372147.0,5950275.252289372,36460225.03571428,57.93,0.007293562057883362,25.712863871767105,0.16319908191627544,0.2990039331064627
SHV.AX,3,"ISO.AX,QOZ.AX,VAS.AX",2800946.0,282936.6882331829,1962744.9863492067,3.98,0.0197100312126746,27.36410410019918,0.14415356564454038,0.2978289998562397
BC8.AX,3,"ISO.AX,MVS.AX,VAS.AX",16737811.0,548554.0562789144,4020090.277142857,1.06,0.02296389861991912,22.77465121298232,0.13645316857629888,0.2941900313748643
NEM.AX,5,"A200.AX,EX20.AX,GEAR.AX,QRE.AX,VAS.AX",2158677.0,10042995.562135305,58687441.35968175,141.82001,0.002022079912858658,28.32120683799058,0.17112682593511122,0.29123037973572247
LOT.AX,3,"ISO.AX,URNM.AX,VAS.AX",7791178.0,167369.76133402815,4999322.954841271,0.66,0.03963785937046892,7.6906259948792375,0.0334784855561191,0.2846321107854251
MI6.AX,4,"IOZ.AX,ISO.AX,VAS.AX,VSO.AX",44632280.0,1099949.5814381938,8447356.150079366,0.985,0.019717146281910996,21.143736618792772,0.13021228913473235,0.2825448757131773
NWS.AX,5,"A200.AX,EX20.AX,GEAR.AX,QOZ.AX,VAS.AX",1035440.0,1318392.8364432896,7942027.7271428555,39.8,0.0018915686754876371,27.24730338964375,0.16600204402932517,0.2812058197684691
SDR.AX,5,"GEAR.AX,IOZ.AX,ISO.AX,VAS.AX,VSO.AX",6619638.0,569644.402651397,6724191.355238096,4.03,0.023479960610885697,16.265497149895513,0.0847156739832587,0.2809499867762464
NDQ.AX,1,GNDQ.AX,1901051.0,6080295.1854670765,21861414.270793643,63.16,0.012207812623639801,24.91665296002845,0.27812908671650827,0.2793889418692571
360.AX,6,"A200.AX,EX20.AX,FAIR.AX,GEAR.AX,MVE.AX,VAS.AX",4731739.0,3191086.710979673,28156087.316825397,22.35,0.019464561504474294,16.926112983862843,0.11333558796973743,0.27880336004056017
MAF.AX,3,"ISO.AX,VAS.AX,VSO.AX",2541678.0,446851.7717756721,2927061.5442857146,6.65,0.014294505381890659,29.445872796603435,0.15266223993411676,0.27714950742889627
XYZ.AX,5,"A200.AX,EX20.AX,GEAR.AX,MVE.AX,VAS.AX",984144.0,3186665.7412201986,18841668.52301587,103.0,0.0016535205006897754,25.707720052412984,0.16912863833304123,0.2761935397848424
BAP.AX,3,"ISO.AX,QOZ.AX,VAS.AX",12169718.0,141735.42698250953,2814562.756666666,0.435,0.035853768013908695,10.635512296703563,0.05035788477154767,0.27537914312271533
TCG.AX,2,"ISO.AX,VAS.AX",20079361.0,243219.70047766462,1886711.963269841,0.517,0.019040511260220376,29.511486834174175,0.12891194056783478,0.2701997390366303
GYG.AX,7,"A200.AX,EX20.AX,GEAR.AX,IOZ.AX,ISO.AX,VAS.AX,VSO.AX",1705025.0,950130.8498616992,8857741.14888889,18.76,0.016988632060460005,18.093041590494757,0.10726559219681905,0.27008665673879195
CAT.AX,4,"FAIR.AX,ISO.AX,VAS.AX,VSO.AX",6204189.0,613447.5097829491,5227676.038253968,2.95,0.020079871634019763,19.68188889740669,0.11734612192760117,0.2696427062494033
MAH.AX,5,"AUMF.AX,ISO.AX,QOZ.AX,VAS.AX,VSO.AX",24889427.0,705666.1229180708,4718938.693174602,0.965,0.011667166006095842,21.857161477942615,0.14953915886611008,0.2689544894369095
SXG.AX,1,VAS.AX,3132320.0,0.7655377758,636315.9028571427,3.45,0.014132977187409761,83.66779904888035,1.2030781760484596e-06,0.2679132971701167
NXG.AX,5,"A200.AX,EX20.AX,GEAR.AX,QRE.AX,VAS.AX",3549262.0,1670618.7775208035,11396357.62809524,14.91,0.005362156644752696,25.008461026031856,0.14659234397859333,0.26756480462315596
4DX.AX,7,"A200.AX,EX20.AX,GEAR.AX,IOZ.AX,ISO.AX,VAS.AX,VSO.AX",14549945.0,1991054.9429208983,40880235.36714286,4.72,0.024438862265481927,8.313246486488975,0.04870458609250551,0.26708624740600434
FFX.AX,3,"ISO.AX,VAS.AX,VSO.AX",17247113.0,9194.163739145806,,,,,,0.2667560321715818
ARU.AX,3,"ISO.AX,VAS.AX,VSO.AX",83342973.0,613355.2410852048,12877901.053888889,0.265,0.03373179972992492,9.758506125918704,0.04762851015228004,0.26036890980302646
EBO.AX,1,VAS.AX,916893.0,365903.4527509795,2065894.7015873017,16.7,0.0044718041324356425,38.67819449894138,0.17711621626690008,0.25938894186925715
SMR.AX,5,"ISO.AX,QOZ.AX,VAS.AX,VHY.AX,VSO.AX",9095230.0,730840.8454138321,5377169.4087301595,2.47,0.01009020902441424,21.58804001625954,0.13591553285028882,0.25821973708324597
VGN.AX,3,"ISO.AX,VAS.AX,VSO.AX",13023843.0,382082.92504438525,5014316.89888889,2.8,0.016607133569551864,31.963743453429228,0.07619840005107177,0.25777987992173296
DVP.AX,3,"ISO.AX,VAS.AX,VSO.AX",5629919.0,954611.7483135633,7100966.85936508,6.81,0.017061111551572607,23.459183997559876,0.13443405204103687,0.25562064946737356
ELS.AX,4,"ISO.AX,MVS.AX,VAS.AX,VSO.AX",5234950.0,1197219.988933112,14938149.669999998,7.56,0.023602119026149684,11.952334112499376,0.08014513278960286,0.25167913686749577
WA1.AX,3,"ISO.AX,VAS.AX,VSO.AX",1164701.0,425930.94578239915,3369391.723968254,12.5,0.01567894912836038,24.8762927923936,0.12641182168061033,0.24633493518165928
PNV.AX,2,"ISO.AX,VAS.AX",13210595.0,400980.43878041365,3133994.2924603173,0.96,0.01912242749775961,22.659540039596582,0.12794549107670108,0.24154235057981496
BOE.AX,3,"ISO.AX,URNM.AX,VAS.AX",11804723.0,488719.8757030587,8153659.645238096,1.16,0.02843312579032938,10.364130017719084,0.059938714266603105,0.239670997400243
AAI.AX,5,"A200.AX,EX20.AX,GEAR.AX,QRE.AX,VAS.AX",1069498.0,3199426.176679418,24269411.037142858,80.37,0.0040528193815696795,21.190336269000607,0.1318295764072268,0.2389258361417806
ELV.AX,4,"IOZ.AX,ISO.AX,VAS.AX,VSO.AX",4149753.0,1611898.9720068357,24970527.615555555,11.19,0.024507026439163835,9.395348150047361,0.06455205900425959,0.23805449503368492
QOR.AX,2,"ISO.AX,VAS.AX",26149227.0,194904.4800881203,1542193.0084920637,0.225,0.019028283718328494,22.61493706655379,0.1263813796424193,0.23510149916761683
MLX.AX,4,"AUMF.AX,ISO.AX,VAS.AX,VSO.AX",15222252.0,681422.173049963,6531065.182380954,1.43,0.017173282170685616,17.412994301193862,0.10433553394754895,0.23245482249991495
AEU.AX,1,URNM.AX,3683478.0,99204.5689512404,412113.1946825397,0.485,0.009402876121265058,20.160006917985864,0.24072165179680788,0.2314192324955363
HMC.AX,4,"GRNV.AX,ISO.AX,VAS.AX,VSO.AX",6306162.0,533527.9031766286,4621998.647460318,3.0,0.015283377550574294,18.18429059141133,0.11543229322877235,0.2281895748535785
TPW.AX,5,"GEAR.AX,IOZ.AX,ISO.AX,VAS.AX,VSO.AX",2553120.0,337011.1600525035,8044170.760952381,5.66,0.021227353980461442,9.106594375198625,0.04189507782311218,0.22798232406646335
AEL.AX,2,"ISO.AX,VAS.AX",5713800.0,243632.72708688132,3063778.533492063,1.45,0.02370490130687725,16.2927258743963,0.07952034535903327,0.22354808123884073
GLF.AX,3,"ISO.AX,VAS.AX,VSO.AX",4529140.0,587342.3288500244,4636465.850317461,4.71,0.011909748659182751,22.106290716314277,0.12667888599024377,0.22272871332328842
PMT.AX,1,VAS.AX,27386690.0,486412.1128040881,3253328.12515873,0.617,0.014728556232059313,26.76242898673478,0.14951215926931932,0.21776389070265867
GEM.AX,3,"ISO.AX,QOZ.AX,VAS.AX",16014148.0,64596.74230629997,994571.2866666667,0.13,0.020755571511705522,14.946888931280665,0.06494933361971242,0.21400173829258845
MGH.AX,5,"AUMF.AX,ISO.AX,MVS.AX,VAS.AX,VSO.AX",4638967.0,734078.9095589569,9072877.65190476,5.35,0.012838471226067629,12.314413370059963,0.08090915999565412,0.21163357253146542
HLS.AX,3,"ISO.AX,QOZ.AX,VAS.AX",14901268.0,141820.0344610529,2188068.5530158733,0.375,0.020520758148912337,14.492367909764274,0.06481516964611486,0.21042212306540875
SRL.AX,4,"AUMF.AX,ISO.AX,VAS.AX,VSO.AX",2032438.0,904710.5080855435,8438477.24031746,17.64,0.013216100399908963,15.161065100051456,0.1072125316358035,0.21029968537343113
CU6.AX,3,"ISO.AX,VAS.AX,VSO.AX",7274026.0,490211.91825712787,7074301.454444446,2.03,0.01950291446767149,14.355609449801717,0.06929474541251718,0.2068568344857935
SBM.AX,3,"ISO.AX,QOZ.AX,VAS.AX",23345809.0,342854.33486720634,5233142.431666666,0.58,0.019297312683270177,13.797086790685848,0.06551595706482867,0.2018506944939802
QAL.AX,1,MVS.AX,1251849.0,181772.793414,828227.5607936508,2.88,0.004229983619507552,19.58846616893635,0.21947204128273134,0.19778845066991207
CHN.AX,2,"ISO.AX,VAS.AX",6653567.0,240040.8865865031,2577965.972380952,1.32,0.017082340426092475,19.055452145914686,0.09311251163055759,0.19501553928223003
SPK.AX,2,"FAIR.AX,VAS.AX",7309037.0,321360.8496823863,2487711.3755555553,1.48,0.0038669917518311257,24.341555191394086,0.1291793143047473,0.19370772102598768
A200.AX,1,HVST.AX,479863.0,3580671.7443504604,18409772.73079365,147.29,0.007294223128371168,19.071910020494276,0.19449842193658065,0.19346384976937991
GTK.AX,1,VAS.AX,2060873.0,151965.37279850637,1572187.9777777775,3.03,0.0183255538163842,22.65568399505869,0.09665852617274374,0.19263290421064067
CSC.AX,5,"A200.AX,EX20.AX,GEAR.AX,QRE.AX,VAS.AX",4836948.0,2249990.2942863246,27029269.837936513,14.89,0.0063328161761529,11.373436570008963,0.08324273307332873,0.19234171825393775
PEN.AX,1,URNM.AX,4392773.0,115021.20208197148,1566297.4956658732,0.465,0.027480502619530413,6.885505320904457,0.07343509288640791,0.1881793634820283
MEK.AX,2,"ISO.AX,VAS.AX",55665911.0,166609.49114428242,2287111.5407936512,0.105,0.018896138414201607,17.105431674856025,0.07284712099632326,0.1878276555327417
IREN.AX,2,"VGAD.AX,VGS.AX",168197.0,278351.549724611,,,,,,0.1876675603217158
EHL.AX,1,MVS.AX,2716563.0,130129.22095200003,729900.9050793652,0.99,0.005240538752306941,20.246212926456344,0.17828340812627233,0.18631689929864725
OPT.AX,1,VAS.AX,19479658.0,257692.5191179514,3240903.4417460314,0.6,0.014239743279334777,26.684733748570714,0.07951255683789209,0.18123503274113595
EOS.AX,4,"ARMR.AX,ISO.AX,VAS.AX,VSO.AX",3663800.0,1129295.0609097006,28327958.885238092,10.26,0.016907089771740085,6.187218314574082,0.039865034593021265,0.17587275127600993
DTR.AX,3,"GDX.AX,ISO.AX,VAS.AX",52857330.0,247559.8429139664,4196621.465873016,0.175,0.01380710888471713,17.54947313348022,0.05899027227666981,0.17543644971297323
MYR.AX,3,"ISO.AX,QOZ.AX,VAS.AX",25986579.0,172519.17423896163,3161111.678412698,0.295,0.01501466766184435,11.160193615738018,0.05457547590523261,0.16109956882881438
AVZ.AX,2,"VAS.AX,VSO.AX",30101370.0,82380.0145142541,0.0,0.78,0.008530369013366216,,,0.1595480658751436
EL8.AX,1,URNM.AX,4393809.0,59167.71190030768,415048.7034126984,0.245,0.011857021421285276,14.548770315774735,0.14255606971858195,0.1583328632773619
WBT.AX,2,"ISO.AX,VAS.AX",4016633.0,737151.0434565049,10527039.785555555,8.61,0.01676289214569915,11.07310148738139,0.07002453286706206,0.15777648893429716
COF.AX,2,"MVS.AX,QOZ.AX",3781511.0,172689.84471870426,1463647.1133333333,0.93,0.0063306157160865646,12.022515511220098,0.11798598387928198,0.15070526502926235
AGE.AX,1,URNM.AX,41838658.0,109551.13569807074,716961.0918412699,0.042,0.009429419890165372,11.884378745509428,0.15279927592266693,0.15047162709234352
TEA.AX,3,"AUMF.AX,MVS.AX,VSO.AX",1115922.0,468124.4495741985,4898234.065714286,8.985,0.004267766426871068,7.472758844206492,0.09557004489656502,0.14542212306540875
IMM.AX,2,"ISO.AX,VAS.AX",28202787.0,37469.64064279131,2177381.0808412693,0.052,0.019137123723998124,4.004748166175075,0.017208581893397485,0.14411910047748175
GNG.AX,1,MVS.AX,842954.0,238069.760856,1571388.2809523812,5.51,0.004950156135120503,13.065284028042011,0.15150282316711156,0.14119205279844255
AEE.AX,1,URNM.AX,9612732.0,47463.73072869261,394593.90049206355,0.105,0.009429423997488818,13.843195300776449,0.12028500863673955,0.1354266004857123
DPM.AX,1,VAS.AX,362615.0,399746.8571020631,4207702.386984127,46.62,0.0016404805869690438,21.967203546177988,0.09500359586709789,0.13047572042021904
CXO.AX,1,ACDC.AX,40068838.0,583327.6862099009,8998674.47436508,0.3,0.01655053201156547,6.733994337327634,0.06482373463687927,0.11530380064944543
BVR.AX,3,"A200.AX,EX20.AX,QRE.AX",301579.0,5707.36665685757,436756.8674603175,0.35,0.0029909430397912383,1.7426745301730202,0.013067605988762445,0.09672175466589995
PTM.AX,1,MVS.AX,2772690.0,156337.692828,1728389.2047619051,0.695,0.00498983042998494,5.648689181286439,0.0904528287941583,0.09247940441530707
NXL.AX,1,MVS.AX,2045704.0,135251.659656,1915883.7906349204,1.22,0.006038942943510296,7.08379400944581,0.07059491829156185,0.08960588824666196
MAD.AX,2,"AUMF.AX,VSO.AX",115826.0,48419.62367261029,1462178.5842063494,8.115,0.0005692766205112731,3.1691719223166475,0.03311471265932389,0.07626605094821445
AIS.AX,1,MVS.AX,7539224.0,159881.95404600003,4374332.391746032,0.4,0.007556877697558043,3.531422827424461,0.0365500240328519,0.07526696069856537
FSE.AX,1,VAS.AX,852209.0,0.2551792586,,,,,,0.07506702412868632
ATEC.AX,1,HVST.AX,178920.0,202874.4465157905,,,,,,0.07506702412868632
WBCPK.AX,1,BHYB.AX,392767.0,2031670.394989507,,,,,,0.07506702412868632
WBCPM.AX,1,BHYB.AX,392805.0,2077801.4193748422,,,,,,0.07506702412868632
VBU6 INDEX.AX,1,QFN.AX,4.0,0.0,,,,,,0.07506702412868632
CBAPL.AX,1,BHYB.AX,398851.0,2034362.385650208,,,,,,0.07506702412868632
CBAPJ.AX,1,BHYB.AX,258392.0,1289012.7446995957,,,,,,0.07506702412868632
MMKT.AX,1,BEAR.AX,160000.0,401081.6380546564,,,,,,0.07506702412868632
AN3PK.AX,1,BHYB.AX,336185.0,1731125.3618214894,,,,,,0.07506702412868632
VARU6 INDEX.AX,1,QRE.AX,7.0,0.0,,,,,,0.07506702412868632
WBCPJ.AX,1,BHYB.AX,385687.0,1941884.7127913488,,,,,,0.07506702412868632
CBAPI.AX,1,BHYB.AX,369671.0,1861614.107400889,,,,,,0.07506702412868632
NABPI.AX,1,BHYB.AX,448467.0,2337643.5520247114,,,,,,0.07506702412868632
NABPH.AX,1,BHYB.AX,535366.0,2741587.627757167,,,,,,0.07506702412868632
NABPJ.AX,1,BHYB.AX,280113.0,1453543.569470958,,,,,,0.07506702412868632
NABPK.AX,1,BHYB.AX,224686.0,1171515.8639508516,,,,,,0.07506702412868632
CBAPM.AX,1,BHYB.AX,347927.0,1807343.896887054,,,,,,0.07506702412868632
GNP.AX,2,"AUMF.AX,VSO.AX",250426.0,119896.23291797389,5541593.495555555,10.14,0.0013795627420675714,2.1293511578919633,0.02163569612497426,0.07482315287207857
MEZ.AX,1,FAIR.AX,46605.0,10527.34544014482,139052.6761111111,4.855,1.76616154103392e-05,7.8722804695727895,0.07570760761003165,0.06818959680171723
PYC.AX,1,VSO.AX,1126888.0,76215.35739181758,2693394.9342857134,1.54,0.001932742761252137,2.705891258257579,0.028297134007950395,0.05453834833671518
MCY.AX,1,FAIR.AX,11345.0,3096.78098496476,51673.523968253976,5.66,8.004131393110154e-06,6.009388210842097,0.05992974248993142,0.052432331144738095
CRN.AX,1,QOZ.AX,2720125.0,29916.937754160826,1192607.3437142859,0.227,0.0016225470247844787,3.1641062752743663,0.02508532075694484,0.05168120547957232
BRE.AX,1,VSO.AX,305380.0,101127.67265511618,2979195.540952381,5.0,0.0010900444383182839,2.703332279481505,0.033944624065457604,0.04882815595030503
LIN.AX,1,VSO.AX,2792893.0,106339.81143864489,7978098.383809525,0.88,0.0024884380029030722,1.4149793515224927,0.013328967170227832,0.04736888456266687
AAA.AX,1,BEAR.AX,144073.0,361516.61578393297,23216104.16174603,50.2,0.0014467150746734366,1.5562369710618007,0.015571803661167937,0.043805642646989426
NVX.AX,1,FAIR.AX,1140493.0,10281.936173575741,743597.8795238095,0.165,0.0013227282324797785,1.85523998108876,0.013827280115645515,0.041662785504132285
EQR.AX,1,VSO.AX,7180537.0,82739.48278113987,8665801.69063492,0.29,0.002093855252141987,1.1552989567819214,0.00954781631693187,0.040923939822593194
ADH.AX,1,QOZ.AX,239177.0,16560.550745415796,1166586.0937142854,1.347,0.0013390672663869266,1.3328267026871827,0.014195738175387274,0.04022807408374751
SYR.AX,1,FAIR.AX,1857087.0,11626.582688500175,913346.3486228571,0.125,0.0016133585876405502,1.1813180705032797,0.012729653658801753,0.03807293695726368
SGR.AX,1,QOZ.AX,1072356.0,5360.983317381346,454891.0373809524,0.098,0.0003354883832085548,1.2735994841658793,0.011785203217560306,0.03164436552869225
AX1.AX,1,QOZ.AX,532106.0,19685.000647213277,2256944.4671428567,0.745,0.0008850942784083803,0.7672029386541813,0.008721969429816408,0.030205560780431916
CCL.AX,1,QOZ.AX,66436.0,16772.602074144692,3319915.044603175,4.79,0.0003324915130302847,0.4508145259140898,0.00505211785506683,0.025915753166842068
