asx_ticker,company,n_etfs,etfs,etf_shares,etf_value_usd,inflow5_usd,last_close_aud,adv_dollars_63d,shares_outstanding,etf_pct_float,days_to_exit_20pct_adv,inflow5_buy_days,forced_flow_score
DYL.AX,Deep Yellow Ltd,4,"NLR,URA,URNJ,URNM",211575964,252048989.54,12662892.457050206,1.57,10627618.055714285,975534715.2866242,0.21688204497964622,172.10063402998634,1.191508049185263,0.9600386138428046
PDN.AX,Paladin Energy Ltd,4,"NLR,URA,URNJ,URNM",72740932,519861887.53999996,26190751.84693277,9.83,35266690.94730158,365647779.0437436,0.19893716349169394,117.3265000879844,0.7426484068513591,0.9470493487726147
BMN.AX,BANNERMAN ENERGY LTD,3,"URA,URNJ,URNM",38572876,95331295.12,4766564.745307082,3.42,3763980.4498412693,207732000.0,0.18568576820133634,192.97556455622637,1.2663627797291277,0.9430919694467381
PEN.AX,PENINSULA ENERGY LTD,3,"URA,URNJ,URNM",75517442,27831519.02,1391575.9687880718,0.465,1566297.4956658732,159850533.3333333,0.47242533650184887,118.37073045024037,0.8884493352244538,0.9343388728323699
EVN.AX,EVOLUTION MINING LTD,5,"EWA,FLAU,GDX,GDXJ,GOAU",109858701,1008324636.73,49169248.50459093,12.96,107232135.2022222,2031089999.9999998,0.05408854408224156,64.91193956024641,0.45853090971158783,0.9239047368816155
KCN.AX,Kingsgate Consolidated Ltd,5,"GDXJ,GOAU,SGDJ,SIL,SLVP",18949803,75113897.61,3729113.25856658,5.86,8905873.094285715,267238281.05802047,0.07090976234757992,59.732569873923815,0.4187251737237638,0.9237891299451993
AGE.AX,ALLIGATOR ENERGY LTD,3,"URA,URNJ,URNM",407957332,14961113.98,748055.7066269018,0.042,716961.0918412699,4437034142.857142,0.09194369907131338,115.88133265401423,1.0433700170615618,0.9229103014037985
GMD.AX,GENESIS MINERALS LTD,6,"FLAU,GDX,GDXJ,GOAU,GOEX,RING",60911826,256473829.80999997,12608637.741945714,6.16,30593515.24984127,1142328193.0194805,0.05332252707428473,59.37864047341876,0.41213432451215726,0.915837798401021
WGX.AX,Westgold Resources Ltd,5,"GDX,GDXJ,GOAU,GOEX,RING",54196487,199442363.02,9789007.947967017,5.13,23925615.009523813,944831563.9376218,0.05736100387473727,62.900913961292105,0.40914341988995523,0.9152177013737708
PRU.AX,Perseus Mining Ltd,4,"GDX,GDXJ,GOAU,GOEX",65990686,253877370.22,12392183.710656375,5.43,21693084.00428572,1346377055.9852672,0.049013525376595625,80.5108141419981,0.5712504366925494,0.9112524866751746
RMS.AX,RAMELIUS RESOURCES LTD,5,"FLAU,GDX,GDXJ,GOAU,GOEX",118694005,268954934.18,13126405.325467674,3.19,33827718.40174603,1896464199.0595613,0.06258700009146455,61.06882902243039,0.3880369692562579,0.9108659259815329
BOE.AX,BOSS ENERGY LTD,3,"URA,URNJ,URNM",81741305,69444320.95,3472216.0373264104,1.16,8153659.645238096,415175000.0,0.19688397663635815,71.76597984027504,0.42584755660659146,0.9083933732452518
SLX.AX,Silex Systems Ltd,2,"NLR,URA",32416641,130532020.88,6601089.223372396,5.7,5217653.846349206,235811655.0877193,0.13746835790597955,177.06422701374618,1.2651451050151938,0.8911879973350348
SFR.AX,Sandfire Resources Ltd,4,"BATT,COPX,FLAU,PICK",20418727,305025381.75000006,15254954.349441282,20.71,32575993.627460316,466951000.0,0.04372777229302432,56.60492518633451,0.46828822856172037,0.8896422472036634
EL8.AX,ELEVATE URANIUM LTD,2,"URA,URNJ",42090625,7986712.66,399335.632748871,0.245,415048.7034126984,370566000.0,0.11358469206565092,139.37038127337942,0.9621416220924721,0.8796438189700473
AEU.AX,ATOMIC EAGLE LTD,2,"URA,URNJ",26866701,10192720.96,509636.04194008256,0.485,412113.1946825397,391739501.03092784,0.06858307862570866,147.0438748442254,1.2366409241826557,0.8782813086479994
CMM.AX,Capricorn Metals Ltd,4,"GDX,GDXJ,GOAU,GOEX",23193296,215857168.47,10544543.582907712,13.67,29176593.389047623,456787789.0270666,0.050774772349761084,49.76617096118304,0.36140420652624744,0.8779824619022596
GGP.AX,Greatland Resources Ltd,3,"GDX,GDXJ,GOEX",32255014,318472021.37,15527559.12380789,13.67,33973144.25619047,672906504.9743965,0.047933871587743496,61.98323971412182,0.45705393079648526,0.8754866845582164
EMR.AX,Emerald Resources Nl,5,"GDXJ,GOAU,GOEX,RING,SGDJ",19800828,85436221.31,4235032.357439632,6.1,11765255.077936508,660775843.9344263,0.029966028845880423,48.95826029540447,0.3599609468205774,0.8750030027775693
LOT.AX,LOTUS RESOURCES LTD,3,"URA,URNJ,URNM",48308143,22384424.42,1119221.22576317,0.66,4999322.954841271,196559000.0,0.2457691736323445,47.68468392329677,0.2238745597900077,0.8664363129644922
AEE.AX,AURA ENERGY LTD,2,"URA,URNJ",75208212,5233004.3,261650.20259335128,0.105,394593.90049206355,1019440000.0,0.07377404457349133,108.30656330980608,0.6630872962482952,0.8652424977479167
VUL.AX,VULCAN ENERGY RESOURCES LTD,3,"LIT,PICK,REMX",21666837,52484940.0,2609803.7120243586,3.3,8268614.75984127,237096773.93939394,0.0913839384653054,46.55685661789873,0.31562768224486226,0.8636782617671346
RSG.AX,Resolute Mining Ltd,5,"GDXJ,GOAU,GOEX,RING,SGDJ",63693850,51375709.6,2553989.289208648,1.15,10397501.137857137,2137417613.1004367,0.02979944097476053,39.30635696087838,0.24563491317251346,0.8518981307709631
SVL.AX,SILVER MINES LTD,2,"SIL,SILJ",137649524,13203267.629999999,658722.4008267466,0.13,1413916.486825397,2198900000.0,0.062599265087089,78.54820673360604,0.465884942261156,0.850874207079048
FFX.AX,Firefinch Ltd,3,"GDXJ,GOEX,SGDJ",61594250,2358563.77,114803.50108699719,,,1182850000.0,0.05207274802384072,,,0.8491071428571428
CYL.AX,Catalyst Metals Ltd,4,"GDXJ,GOEX,RING,SGDJ",9636771,42729816.56,2111821.661038654,6.1,7549841.903968253,260945000.00000003,0.03693027649504684,37.29544003418776,0.2797173355283989,0.8434490184670821
LTR.AX,Liontown Ltd,5,"BATT,ILIT,LIT,PICK,REMX",130455059,191347751.25,9516555.265769364,1.9,46805189.040476196,3179110000.0,0.041035088122147394,29.58490097782165,0.20332265419416717,0.8431450341565948
OBM.AX,Ora Banda Mining Ltd,4,"GDXJ,GOEX,RING,SGDJ",55032063,51058385.85,2519844.671600553,1.3,9099257.035396826,1927440000.0,0.028551894222388245,39.32068377701375,0.2769286175561542,0.837784278582689
NST.AX,NORTHERN STAR RESOURCES LTD,4,"EWA,FLAU,GDX,GNR",53276039,799369293.1,39060392.648096375,21.2,157286095.86063495,1427259911.981132,0.037327496241416395,35.32774742490945,0.2483397685877222,0.837652156369642
ILU.AX,ILUKA RESOURCES LTD,3,"FLAU,PICK,REMX",19842709,108686345.71000001,5401904.221843029,8.13,19712918.896349207,431125023.9852398,0.046025416981314786,38.36579093453141,0.2740286332149143,0.8307055119735756
ASL.AX,Andean Silver Ltd,2,"GDXJ,SIL",9368787,15340496.77,758700.0690507325,2.41,2213448.9255555556,140830700.0,0.06652517526363215,44.37695525304086,0.34276827456513626,0.8103787487801216
BGL.AX,Bellevue Gold Ltd,4,"GDXJ,GOAU,GOEX,SGDJ",38512323,41890439.46,2066598.9399512107,1.47,11304483.243174601,1488454608.8737202,0.025874032550540053,26.33286494680172,0.1828123316648709,0.8031352282110953
WAF.AX,West African Resources Ltd,4,"GDXJ,GOAU,RING,SGDJ",29445225,65788034.870000005,3250870.3750582878,3.21,18052654.534126986,1143010252.0249221,0.025761120644224964,25.80482115984424,0.1800771387339628,0.7973713966669169
VAU.AX,Vault Minerals Ltd,4,"GDX,GDXJ,GOEX,SGDJ",29924570,102926725.48,5033533.62947525,4.87,29672135.955079366,1034565895.0718685,0.028924759788182677,22.664757055126817,0.16963839870158032,0.7972723050071316
DVP.AX,DEVELOP GLOBAL LTD,2,"COPX,PICK",11214562,55194508.06,2760396.512085096,6.81,7100966.85936508,329985475.03671074,0.033985017064015875,46.72970843986265,0.3887353041853109,0.7962251567074543
PLS.AX,PLS Group Ltd,7,"BATT,EWA,FLAU,ILIT,LIT,PICK,REMX",79406907,347137238.87,17278734.49006577,5.53,187181775.58269843,3220999524.954792,0.024652877588087974,12.657574944018126,0.0923099187208633,0.7832204085654231
BHP.AX,BHP Group Ltd,7,"BATT,COPX,EWA,FLAU,GNR,PICK,URA",32687503,1465425218.78,73160835.61390093,60.34,538625624.3819048,5080688478.007955,0.006433675896778496,17.54692414650746,0.13582873205829377,0.7805944795811126
FFM.AX,FIREFLY METALS LTD,2,"COPX,PICK",32241803,44736553.59,2237395.1665739226,1.84,9634257.417619048,654883434.7826086,0.04923288830889852,32.58177207037296,0.23223327648295897,0.7744002186397417
LYC.AX,LYNAS RARE EARTHS LTD,4,"EWA,FLAU,PICK,REMX",18395327,236019643.95,11733633.233719585,18.62,76952707.02301589,1006502577.9806659,0.018276482745733572,22.97376952954253,0.15247849864735957,0.7701294478642745
BKY.AX,Berkeley Energia Ltd.,1,URNJ,12289834,4741381.78,237069.08928114764,0.55,47044.113095238084,446293143.6363636,0.027537581912783465,613.1953272122001,5.03929341384787,0.7553733766233767
RRL.AX,Regis Resources Ltd,3,"GDXJ,GOEX,RING",17169663,83120529.97,4097104.2183760223,7.04,33104396.443809528,757252000.0,0.022673644968913914,17.364623622650946,0.12376314503514153,0.7486493600330305
MIN.AX,Mineral Resources Ltd,6,"BATT,FLAU,ILIT,LIT,PICK,SLX",1318198,65302509.8,3255795.765415861,66.63,73282666.37507935,196479085.99729854,0.006709100835384202,5.757298137576054,0.044427910807064104,0.7430549742887171
PNR.AX,Pantoro Gold Ltd,3,"GDXJ,GOEX,SGDJ",8490761,17575191.0,862977.5483285377,2.79,7974969.988095238,390543000.0,0.021740912012249612,16.910278834221153,0.1082107581115366,0.7371547274979355
ASN.AX,ANSON RESOURCES LTD,1,URA,72823731,2613181.46,130659.05964797281,0.048,316645.6246984126,1619523354.1666667,0.044966150573031896,69.51504060489432,0.41263497568431057,0.7291636326101644
FMG.AX,FORTESCUE LTD,5,"EWA,FLAU,GNR,PICK,SLX",6708578,94125116.26,4682475.000779019,19.6,122514916.78746033,3078964918.010204,0.0021788419740538813,5.725711583433745,0.03821963172780182,0.7151764131821935
ALK.AX,Alkane Resources Ltd,2,"GDXJ,SGDJ",29543786,33938365.2,1664932.1738985274,1.64,9758027.916349208,1366204820.7317073,0.021624712160053013,23.957175508773357,0.1706217883542838,0.7141524894902784
IGO.AX,IGO LTD,3,"FLAU,LIT,PICK",4560514,27391727.83,1367242.166401567,7.94,32982006.193809524,757267812.9722922,0.006022326476679216,5.791409164492898,0.04145418439276711,0.6940168249380677
S32.AX,South32 Ltd,4,"BATT,EWA,FLAU,PICK",11941706,34687706.18,1727206.4616397773,4.15,67637511.97714287,4481328967.951807,0.002664768885614296,3.873276318172948,0.02553622111681846,0.6937215205314916
PDI.AX,Predictive Discovery Ltd,2,"GDXJ,SGDJ",61013215,40737888.230000004,1996427.0278687573,0.97,23857148.748412695,2711661000.0,0.02250031069517908,11.1984676529774,0.08368254936590387,0.6822945208693041
DEV.AX,DevEx Resources Ltd,1,URNJ,13133287,2947946.75,147397.33793618213,0.26,402242.3176190476,455884565.38461536,0.02880836070622365,38.04275212115989,0.3664391623652537,0.681640924104797
MKR.AX,Manuka Resources Ltd,1,SILJ,63130948,4104539.99,204462.93755254612,0.08,1120296.9115238094,968645000.0,0.0651744942677658,27.561354014100672,0.18250781150011294,0.6769423279033107
AZY.AX,Antipa Minerals Ltd,1,GDXJ,13563035,6113865.15,297479.93989861995,0.61,849407.2712698412,662685219.6721312,0.02046678362120468,50.730212246924594,0.35022061849540725,0.6717565310412131
BSL.AX,BLUESCOPE STEEL LTD,3,"FLAU,PICK,SLX",873257,20475772.560000002,1011624.0143713771,33.5,34775928.0436508,438077431.01492536,0.0019933850460564996,3.772445337549406,0.029089777650263857,0.6695824731626755
RIO.AX,RIO TINTO LTD,5,"EWA,FLAU,GNR,PICK,SLX",1476395,187694578.57,9343105.257244082,175.99,237129534.66492066,1624017316.000909,0.0009091005283340055,5.471825894665495,0.0394008501321714,0.6494621274679078
AMI.AX,Aurelia Metals Ltd,1,GDXJ,31220154,7118495.53,346361.873818754,0.315,1363664.3814285717,1693401831.7460318,0.01843635303489045,33.06289714897619,0.2539934888201055,0.6414427407852263
ARD.AX,Argent Minerals Ltd,1,SILJ,34104444,650742.38,32415.986324149202,0.025,174579.88273015872,1368667000.0,0.0249179997764248,27.52499508969034,0.18567996390657063,0.6398159860370843
WDS.AX,WOODSIDE ENERGY GROUP LTD,3,"EWA,FLAU,GNR",3626329,73936801.46000001,3699226.1830028244,28.77,221824782.67,1895816550.0174155,0.001912805856646144,2.6446717049868873,0.01667634309601023,0.6291365606936417
NXG.AX,NexGen Energy Ltd.,1,URNJ,4233739,44189921.8,2209496.088247009,14.91,11396357.62809524,661909420.9926224,0.006396251308299764,29.831355582059334,0.19387739138687413,0.6198820471436078
USL.AX,UNICO SILVER LTD,1,SIL,14446968,6607186.02,330359.2932833363,0.615,2747456.6472222214,499958960.6837607,0.028896307769425394,17.075840414138447,0.12024185845383276,0.6151504203888597
DNL.AX,DYNO NOBEL LTD,2,"FLAU,MOO",3800107,10250911.209999999,509959.22815672855,3.79,19986058.90142857,1754080000.0,0.0021664388169296725,3.314634599363214,0.02551574728523779,0.6133102103821034
BC8.AX,Black Cat Syndicate Ltd,1,GDXJ,16009462,12059875.77,586792.6909521808,1.06,4020090.277142857,728874973.5849056,0.02196462024379697,21.783607973437768,0.14596505314532982,0.6110133435928234
MEK.AX,Meeka Metals Ltd,1,GDXJ,70713860,5846946.02,284492.56889423216,0.105,2287111.5407936512,2945888190.4761906,0.024004257944551997,21.729476424006325,0.12438945972679159,0.6109472824862999
DTR.AX,Dateline Resources Ltd,1,GDXJ,69965683,8857579.09,430979.75802528387,0.175,4196621.465873016,3828269222.857143,0.018276061302653808,23.229718074562104,0.10269683876185098,0.5952329967720141
ELV.AX,ELEVRA LITHIUM LTD,2,"LIT,PICK",1037778,8718055.649999999,435015.3276793183,11.19,24970527.615555555,169329110.9919571,0.006128763057459701,2.3496062566759637,0.017421150821351594,0.5943919610014263
CBA.AX,COMMONWEALTH BANK OF AUSTRALIA,2,"EWA,FLAU",1787121,203546074.06,10189818.89065922,163.41,372685758.1992063,1672123721.9996326,0.0010687731873469544,4.033862061755869,0.027341583804800517,0.5919972458899482
SOL.AX,WASHINGTON H SOUL PATTINSON & COMP,2,"EWA,FLAU",366035,11340540.120000001,567724.2676825277,44.29,27160688.060317464,326489600.0,0.001121123000548869,2.862747333087796,0.02090242583036727,0.5874803177314015
BVR.AX,BELLAVISTA RESOURCES LTD,1,COPX,2262293,604865.64,30259.53504589188,0.35,436756.8674603175,100830740.0,0.02243654068193886,13.072662190963936,0.06928233372000997,0.5864303543277533
WES.AX,WESFARMERS LTD,2,"EWA,FLAU",1212056,72905053.69,3649736.0062791244,86.15,126830951.21174602,1135280000.0,0.0010676273694595166,3.6797812935744867,0.028776382826190744,0.5862499296224007
SBM.AX,St Barbara Ltd,1,GDXJ,24454951,10806575.91,525811.3641715714,0.58,5233142.431666666,1209795860.3448277,0.020214113638171664,14.452576109440871,0.10047717428629391,0.5850678440057053
WBC.AX,WESTPAC BANKING CORPORATION,2,"EWA,FLAU",3652773,89712634.47999999,4491146.50298994,35.12,206642385.55793646,3414907347.000284,0.0010696550825042622,3.3375405858156357,0.021733907546913966,0.5832771798288416
CXU.AX,Cauldron Energy Ltd,1,URNJ,18454935,1553423.91,77671.19552037405,0.105,589728.5213174603,2036977028.5714285,0.00905996225835831,9.694404073406885,0.1317066967472689,0.5793700735680505
ANZ.AX,ANZ GROUP HOLDINGS LTD,2,"EWA,FLAU",3219006,79099873.32,3959856.3332794257,35.25,177781374.69396827,3011030331.998864,0.001069071263012841,3.2559436156779857,0.02227374121780697,0.5789749502664965
SGM.AX,SIMS LTD,3,"FLAU,PICK,SLX",330963,6827371.049999999,337155.2597797533,29.15,24757708.24142857,193232991.01200688,0.0017127665326022667,1.5245368192636894,0.013618193432604194,0.5699045210569778
TCL.AX,TRANSURBAN GROUP STAPLED UNITS,2,"EWA,FLAU",3331131,35169056.42,1760616.332440871,15.12,89973151.28777777,3120180000.0,0.0010676085995038748,2.6651634173050116,0.019568241272438777,0.5631450576157946
QBE.AX,QBE INSURANCE GROUP LTD,2,"EWA,FLAU",1604373,27070824.02,1355205.2925676669,24.43,75804466.36412697,1494024468.0115275,0.0010738599228802062,2.400106664654046,0.017877644386518527,0.5629964201261166
NAB.AX,NATIONAL AUSTRALIA BANK LTD,2,"EWA,FLAU",3275582,86657403.97,4338200.696338578,37.87,253047876.21444446,3061334999.9999995,0.001069984826881083,2.546131411453777,0.017143794135866156,0.5615843639741761
TWE.AX,TREASURY WINE ESTATES LTD,2,"FLAU,MOO",2007931,6821492.53,339347.0540083495,4.69,21852869.78603175,807437259.9147121,0.002486795073356032,1.9374578052313016,0.01552871807369019,0.5612540584415584
WOW.AX,WOOLWORTHS GROUP LTD,2,"EWA,FLAU",1303956,35036488.4,1753979.2639743784,38.55,92341599.31063493,1221599192.0083032,0.0010674172089589406,2.5404395702511833,0.018994464868147175,0.5530624812326401
INR.AX,IONEER LTD,1,LIT,12701314,1206448.78,60322.437784140864,0.14,1121484.701031746,3074629999.9999995,0.004131005681984499,7.628172878181966,0.053788016660989924,0.5520290331056227
TLC.AX,THE LOTTERY CORPORATION LTD,2,"EWA,FLAU",2380449,9281958.969999999,464668.95280545007,5.56,27404409.884920638,2225771787.522604,0.001069493742954465,2.3489040463663446,0.01695599192818728,0.5500567008858194
GMG.AX,GOODMAN GROUP UNITS,2,"EWA,FLAU",2128638,47088428.20999999,2357314.287000305,31.55,130833349.46539682,2044790000.0,0.0010410056778446686,2.4256181237617724,0.018017686596212796,0.5401723078222356
COL.AX,COLES GROUP LTD,2,"EWA,FLAU",1434022,23782107.51,1190568.4980783314,23.69,75427777.84857142,1343140000.0,0.0010676638325118751,2.117457236830309,0.015784218122778495,0.5342102929584865
DRR.AX,DETERRA ROYALTIES LTD,2,"FLAU,PICK",636670,1979020.17,98128.45325380412,4.53,7166487.1985714305,529456000.0,0.0012024984134658971,1.9196037774771344,0.013692685207526091,0.5296603342466781
SCG.AX,SCENTRE GROUP,2,"EWA,FLAU",5572201,14893991.79,745615.1969078701,3.85,48315662.38603175,5222977090.909091,0.0010668629984417804,2.102987724991519,0.015432163403878542,0.5227321757000225
ORG.AX,ORIGIN ENERGY LTD,2,"EWA,FLAU",1837584,13860608.28,693882.4654547495,10.79,48469468.00095237,1721408840.0185702,0.0010674884183702557,2.2168548770289807,0.014315867164894724,0.5226991451467607
EUR.AX,EUROPEAN LITHIUM LTD,1,LIT,7617656,2277911.01,113895.55176829829,0.415,4578416.186349207,1430104571.0843375,0.005326642648393273,3.245063938261571,0.024876627010861088,0.5216656970197433
MQG.AX,MACQUARIE GROUP LTD DEF,2,"EWA,FLAU",385632,67606177.77000001,3384472.099019264,247.92,204190875.22984126,381138415.0001991,0.0010117899031505354,2.190668423037894,0.016575040854345892,0.5171169816455221
MPL.AX,MEDIBANK PRIVATE LTD,2,"EWA,FLAU",2933186,9982787.860000001,499752.8627770707,4.91,32962599.483174596,2754003240.0,0.001065062654029412,2.0679837521456603,0.015161209085835728,0.5155562880039036
APA.AX,APA GROUP UNITS,2,"EWA,FLAU",1411660,10194000.25,510327.967295264,10.31,35236174.12650793,1323750000.0,0.001066409820585458,2.0286477390250917,0.014483069741426548,0.511187997335035
SUN.AX,SUNCORP GROUP LTD,2,"EWA,FLAU",1155589,15093400.59,755597.8952270095,19.0,58776867.88,1060051406.022187,0.0010901254348940634,1.6744119625029235,0.012855361683607451,0.5094786662037385
IAG.AX,INSURANCE AUSTRALIA GROUP LTD,2,"EWA,FLAU",2393215,13397177.15,670682.1472910916,8.22,45581785.63825397,2337952896.973366,0.0010236369616762487,1.9857641643765829,0.014713819081458485,0.5026330840402372
BXB.AX,BRAMBLES LTD,2,"EWA,FLAU",1442047,19399174.58,971152.2317647494,19.14,86159275.38587302,1339310000.0,0.0010767089023452374,1.622589528620081,0.011271592378363745,0.5008411765257864
IMD.AX,IMDEX LTD,1,PICK,716455,2105114.95,104346.99914544646,4.32,5389445.796507936,511841821.0648148,0.0013997586178275084,2.6659239761693914,0.019361359791958122,0.4958358043690414
ALL.AX,ARISTOCRAT LEISURE LTD,2,"EWA,FLAU",579865,22319368.23,1117341.5543108056,56.57,75362439.9684127,601792619.9964919,0.0009635628300050942,1.910006428401312,0.014826239102384776,0.491171482058404
CSL.AX,CSL LTD,2,"EWA,FLAU",518218,42128171.04,2109005.725334147,112.88,214676456.64746028,478912000.0,0.0010820735333422424,1.3825914429834174,0.009824112798719874,0.48637379419713234
CPU.AX,COMPUTERSHARE LTD,2,"EWA,FLAU",555777,14318428.67,716800.9456103614,36.74,48830067.07666667,578387069.9945887,0.0009609084103577899,1.8471542647973358,0.014679499507648292,0.482517477103821
VSL.AX,VULCAN STEEL LTD,1,PICK,104228,365449.43,18114.710097657848,5.03,268170.17619047617,146529950.09940356,0.0007113085067543762,10.302244120468385,0.06754930900590271,0.47922143607837253
VCX.AX,VICINITY CENTRES,2,"EWA,FLAU",4222123,7607520.550000001,380844.4351579788,2.57,28753598.252380952,4640336267.05653,0.0009098743619022653,1.8356895705704563,0.01324510524961664,0.4709732987388334
SGH.AX,SGH LTD,2,"EWA,FLAU",215833,6552678.5200000005,328037.44722025533,44.57,23415798.80206349,406998161.9997758,0.0005303046061424692,1.8997352619295733,0.014009235815237164,0.4667866761129045
PRN.AX,PERENTI LTD,1,PICK,1186339,1905097.31,94432.45981713511,2.4,5605166.55015873,936372080.0,0.0012669525558686031,2.1799026737707567,0.016847395875232454,0.46553852938968543
STO.AX,SANTOS LTD,2,"EWA,FLAU",3468346,17761519.86,889167.8718898027,7.3,116114972.30888887,3240267688.9344263,0.0010703887249329633,1.168195057414996,0.007657650466680901,0.4647470394489903
AVZ.AX,Avz Minerals Ltd,1,REMX,52906510,6655245.54,330803.99254578375,0.78,0.0,3528730111.538461,0.014993073521549013,,,0.4621753246753247
SIG.AX,SIGMA HEALTHCARE LTD,2,"EWA,FLAU",5530234,10714849.370000001,536401.1341055861,2.76,40640259.072380945,11543702836.065573,0.00047906933143861694,1.8970999174540804,0.013198762664141663,0.45670409972975
SHL.AX,SONIC HEALTHCARE LTD,2,"EWA,FLAU",490292,6891026.35,344974.8540418062,19.81,34776439.901428565,494237952.97979796,0.0009920160866724065,1.384229818138249,0.009919786355924118,0.4535661971698821
SGP.AX,STOCKLAND STAPLED UNITS LTD,2,"EWA,FLAU",2588191,7799329.3,390446.350142653,4.18,46476900.795555554,2431644121.904762,0.0010643790251562847,1.142267437224215,0.008400868893133902,0.4462086414308235
ASX.AX,ASX LTD,2,"EWA,FLAU",208125,7583261.760000001,379629.78992656374,52.05,55095488.926507935,195210369.0,0.0010661575051886716,0.9964086845352796,0.006890396969395321,0.44039526405675244
CAR.AX,CAR GROUP LTD,2,"EWA,FLAU",385471,7497792.66,375350.6957066169,26.83,50083327.75904761,378858646.99514747,0.0010174533511569481,0.9734195680177954,0.007494523876537125,0.43039526405675255
XRO.AX,XERO LTD,2,"EWA,FLAU",173478,8744306.53,437753.35935713846,68.62,73180499.03682539,173417500.4615843,0.001000348866396152,0.9163933334820252,0.005981830748883732,0.4145323408527888
PME.AX,PRO MEDICUS LTD,2,"EWA,FLAU",61134,7398704.16,370391.7085026175,174.64,47200204.7531746,104469963.0019288,0.000585182556242231,0.9088161568071862,0.007847247918510472,0.40463143251257416
COH.AX,COCHLEAR LTD,2,"EWA,FLAU",69534,5752159.67,287962.0837446551,112.97,74073492.09968254,65398916.99911739,0.001063228615864364,0.5203024694996,0.00388751867344309,0.40287255555138507
MI6.AX,MINERALS 260  LTD,1,PICK,2749089,1792852.75,88868.67968805047,0.985,8447356.150079366,2263627776.6497464,0.001214461594948598,1.3023312669131042,0.010520295120647366,0.39908105622700996
MLX.AX,METALS X LTD,1,PICK,1204020,1215819.4,60266.10995766419,1.43,6531065.182380954,886391538.245614,0.0013583387792521695,1.3772990618289223,0.00922760809679956,0.3947127655581413
TLS.AX,TELSTRA GROUP LTD,2,"EWA,FLAU",4198375,14873217.579999998,744575.0420369597,5.04,121168811.03380954,11139136247.070507,0.00037690310154022354,0.9152010686809912,0.006144939738900319,0.38738948370993176
REA.AX,REA GROUP LTD,2,"EWA,FLAU",55944,5504389.79,275558.68716638634,135.77,49078231.91476189,130859812.00209251,0.00042751093054531846,0.9009992236185613,0.005614682445059782,0.3830377083176939
WTC.AX,WISETECH GLOBAL LTD,2,"EWA,FLAU",206665,5346492.5,267653.7671258998,30.08,68128556.41825397,336109007.0813397,0.000614874923450017,0.5947850308047224,0.003928657543875187,0.38149352995270625
IPX.AX,IPERIONX LTD,1,PICK,376081,1149848.85,56996.06166983713,4.35,7348552.512063493,339384069.8850575,0.001108128027716124,1.175787139990634,0.007756093676444653,0.3788993881840702
QAN.AX,QANTAS AIRWAYS LTD,2,"EWA,FLAU",787613,5555270.55,278105.20635221584,10.09,64490111.53968254,1513199222.1674876,0.0005204952450820276,0.5466686272559069,0.004312369752703716,0.377207815666992
LIN.AX,LINDIAN RESOURCES LTD,1,PICK,1828350,1057757.61,52431.25626574278,0.88,7978098.383809525,1122347832.9545455,0.0016290404332023575,0.9263074157714418,0.00657189893423036,0.3758770925606185
ARU.AX,ARAFURA RARE EARTHS LTD,1,PICK,6333447,1132539.08,56138.05124710783,0.265,12877901.053888889,2470753818.867924,0.0025633662696925123,0.7415739938588636,0.004359254742849199,0.3670909653929886
CIA.AX,CHAMPION IRON LTD,1,PICK,581671,1631587.16,80875.02162151635,3.96,8638627.43698413,560046921.969697,0.0010386111898521835,1.6003602615789776,0.0093620221744105,0.36627345919975973
BRE.AX,BRAZILIAN RARE EARTHS LTD,1,PICK,199712,687635.88,34084.948752140706,5.0,2979195.540952381,280153716.0,0.0007128657897223822,1.7679215934239647,0.011440990792180267,0.3621528976803543
WA1.AX,WA1 RESOURCES LTD,1,PICK,72987,643359.42,31890.23855599598,12.5,3369391.723968254,74284379.04,0.0009825349682293042,1.5588944991362002,0.009464687150842081,0.3577020306283313
EQR.AX,EQ RESOURCES LTD,1,PICK,4700969,890069.72,44119.249965118885,0.29,8665801.69063492,3429337817.2413797,0.0013708095412371894,0.7563535403499978,0.00509119081420918,0.3571239959462503
MAH.AX,MACMAHON HOLDINGS LTD,1,PICK,1647485,1109086.9,54975.56948594578,0.965,4718938.693174602,2133288151.295337,0.0007722749498231843,1.4467727873963627,0.011649985952447648,0.3549109488777119
NIC.AX,NICKEL INDUSTRIES LTD,1,PICK,3054785,2045770.42,101405.38612743653,0.955,10242120.612936508,4341935875.392671,0.0007035536884163991,1.4835766713958267,0.00990081936736368,0.3448448877711884
SRL.AX,SUNRISE ENERGY METALS LTD,1,PICK,125591,1567658.26,77706.17877004208,17.64,8438477.24031746,153785000.0,0.0008166661247846019,0.9368518631223006,0.009208554642865723,0.32743778620223707
SMR.AX,STANMORE RESOURCES LTD,1,PICK,387860,669087.59,33165.537976770844,2.47,5377169.4087301595,901391634.008097,0.0004302902150038325,0.9206075273199716,0.00616784323791707,0.2987012048644997
DOW.AX,DOWNER EDI LTD,1,FLAU,35088,203181.57,10162.39537275,8.15,9824140.031111112,659134791.0098523,5.3233421264627995e-05,0.13871616909875417,0.0010344310382962478,0.25410170032279855
GPT.AX,GPT GROUP,1,FLAU,102306,357033.23,17857.490074650002,5.04,24834382.031746026,1915577429.9306245,5.3407394763314355e-05,0.09781818222767732,0.000719063194398097,0.24682672096689437
BEN.AX,BENDIGO AND ADELAIDE BANK,1,FLAU,30090,221875.49,11097.396703049999,10.61,15962420.126190476,563866856.0150375,5.336366143712044e-05,0.09952365650230041,0.0006952201868714037,0.24539814953832292
RGN.AX,REGION GROUP,1,FLAU,61455,103775.38,5190.4632675,2.42,8131854.968412697,1148742322.0618558,5.349763721571221e-05,0.08662687046661403,0.0006382877323392742,0.24102985886945424
BMC.AX,BMC Minerals Ltd,1,SILJ,1335875,2888827.45,143903.62114768944,,,,,,,0.23863636363636365
CHC.AX,CHARTER HALL GROUP,1,FLAU,24990,408276.45,20420.487843900002,22.85,28386873.361587297,472997000.0,5.283331606754377e-05,0.09001572251978432,0.000719363756049749,0.23682672096689436
ANN.AX,ANSELL LTD,1,FLAU,7599,159116.5,7958.42260215,30.13,12640143.16793651,141260035.99202392,5.379440792744148e-05,0.08270254554550698,0.000629614909927417,0.23667808347721644
PPT.AX,PERPETUAL LTD,1,FLAU,5865,65654.43,3283.7934162,15.64,3984038.7300000004,115651220.98214287,5.0712823869845574e-05,0.11890117225592331,0.0008242373226627743,0.2311950116357631
ORI.AX,ORICA LTD,1,FLAU,24939,412882.83,20650.8817635,22.86,37744542.8631746,463360225.010989,5.382205604593823e-05,0.07165662613347083,0.0005471223174793832,0.22221070114856242
NXT.AX,NEXTDC LTD,1,FLAU,40239,422983.7,21156.0902121,14.78,39928037.446984135,722603398.00929,5.568614832265524e-05,0.07107640606900019,0.000529855499163733,0.22216115531866978
DXS.AX,DEXUS/AU,1,FLAU,56202,229353.63,11471.425845900001,5.78,19069959.436825406,1072589998.9565217,5.239840018523069e-05,0.08698061626130905,0.000601544323358543,0.2209803130395616
LNW.AX,LIGHT & WONDER INC-CDI,1,FLAU,4182,385491.08,19280.847153150004,124.51,34315372.9552381,78661759.44367853,5.3164333337780136e-05,0.07191474194616088,0.0005618719976699791,0.21511738983559794
AZJ.AX,AURIZON HOLDINGS LTD,1,FLAU,91239,270906.12,13549.72843605,4.2,27863025.784444444,1683310000.0,5.420213745537067e-05,0.06775776905669595,0.0004862978106137573,0.20628171683807522
MGR.AX,MIRVAC GROUP,1,FLAU,209916,259208.07,12964.634996699999,1.75,25964161.35984127,3945860206.2678065,5.319904634902135e-05,0.07000520291214438,0.0004993280860113734,0.20498526762255084
SDF.AX,STEADFAST GROUP LTD,1,FLAU,55743,202379.21,10122.2641446,5.11,16075990.20968254,1111991628.0078895,5.012897453181591e-05,0.07752190987218749,0.0006296510518215779,0.2037879100668118
ALQ.AX,ALS LTD,1,FLAU,26571,436723.53,21843.30613155,22.89,40678916.69428572,507542553.00306886,5.235226059920012e-05,0.07256829664712675,0.0005369687274542979,0.20365578785376473
REH.AX,REECE LTD,1,FLAU,13719,154346.5,7719.844765950001,16.22,8722918.90063492,615091957.013997,2.2303982101472693e-05,0.11082145874011604,0.0008850070548504231,0.2026235830643345
AMP.AX,AMP LTD,1,FLAU,133416,149255.69,7465.221301500001,1.6,15686741.55714286,2472845042.2180214,5.395243038776597e-05,0.06264540856241656,0.0004758936885844695,0.1961826251782899
JHX.AX,JAMES HARDIE INDUSTRIES-C,1,FLAU,30039,746292.44,37326.80528670001,34.89,65827809.010000005,580314579.002019,5.1763304054257594e-05,0.06863533006223518,0.0005670370296090158,0.1935897267472412
CGF.AX,CHALLENGER LTD,1,FLAU,26775,184055.97,9205.803191250001,9.96,14568594.077142853,683816760.960961,3.9155226266132106e-05,0.08110779527834226,0.0006318937258121076,0.192408884468133
EDV.AX,ENDEAVOUR GROUP LTD/AUSTR,1,FLAU,80325,185374.69,9271.7607282,3.31,16569906.875238094,1795666346.969697,4.473269777292069e-05,0.07765167779995648,0.000559554184462897,0.18800756324600257
BOQ.AX,BANK OF QUEENSLAND LTD,1,FLAU,34578,153273.22,7666.1631039,6.28,16356256.238095239,657487900.0798085,5.259108189793726e-05,0.0693527486841655,0.00046869913214276965,0.18772680354327753
HUB.AX,HUB24 LTD,1,FLAU,4131,228834.4,11445.455592150001,73.43,24811912.33984126,81750620.00688942,5.0531726849923166e-05,0.06928152492668621,0.0004612887324195353,0.17340805870430148
JBH.AX,JB HI-FI LTD,1,FLAU,5763,318346.04,15922.49916585,77.75,36413175.00412698,109333981.00544181,5.271005360824794e-05,0.058737956356123805,0.00043727302450405337,0.17036924780421892
QUB.AX,QUBE HOLDINGS LTD,1,FLAU,89352,321884.52,16099.480596000001,5.12,33377863.255079366,1770412011.9257085,5.046960786422266e-05,0.06663627229052117,0.0004823400609249611,0.16908931386532544
TNE.AX,TECHNOLOGY ONE LTD,1,FLAU,15657,339190.82,16965.078177900003,29.85,34199227.63793651,327368540.1622718,4.782683147329629e-05,0.06668279399075461,0.0004960661204839897,0.16772680354327754
ALD.AX,AMPOL LTD,1,FLAU,12699,298072.16,14908.4738406,33.31,38635624.46809524,238302098.99969685,5.328950123941693e-05,0.05590646263913147,0.0003858737640674401,0.167379982734029
MTS.AX,METCASH LTD,1,FLAU,57171,128721.66,6438.1843332,3.12,14450744.323015872,1099726157.04698,5.198657832556917e-05,0.05897686408928841,0.00044552613964291286,0.1661165640717664
CWY.AX,CLEANAWAY WASTE MANAGEMEN,1,FLAU,118881,201583.67,10082.47428435,2.37,24224436.622698408,2241209765.106383,5.304322774729527e-05,0.05646669963766706,0.00041621088826076873,0.1660009571353502
RHC.AX,RAMSAY HEALTH CARE LTD,1,FLAU,9843,272173.53,13613.1199203,39.78,27781970.28301587,229930000.0,4.280868090288349e-05,0.0686949289521294,0.0004899983615856863,0.16490269123939644
AGL.AX,AGL ENERGY LTD,1,FLAU,31977,192366.61,9621.470750550001,8.62,22343291.54920635,672747232.9849013,4.753196807383624e-05,0.06602965845408741,0.00043062011384315316,0.15040227835748066
WOR.AX,WORLEY LTD,1,FLAU,25347,226850.39,11346.222706650002,12.3,26548083.5168254,506323153.99022806,5.006091426047878e-05,0.05736460750848019,0.0004273838712108577,0.1488911305457548
SEK.AX,SEEK LTD,1,FLAU,18156,170412.66,8523.41499825,12.89,22842224.774603177,357220190.02356637,5.082579458569299e-05,0.05482754914612472,0.00037314294392753924,0.14447329404699347
LLC.AX,LENDLEASE GROUP,1,FLAU,36159,75052.35,3753.8427537000007,2.98,10916511.93825397,690891184.9498327,5.233675112329823e-05,0.049682883370288575,0.0003438683322046918,0.13719831469108926
MFG.AX,MAGELLAN FINANCIAL GROUP,1,FLAU,8568,59018.48,2951.887557,10.15,7247966.359047617,185061888.03589234,4.629802543859412e-05,0.055347226575724724,0.00040727114486605845,0.13452283987688612
ORA.AX,ORORA LTD,1,FLAU,60435,61231.78,3062.5887996000006,1.39,8281525.3317460315,1225342798.8295538,4.932089212727038e-05,0.05370610271712405,0.0003698097484360772,0.13013803393138654
WHC.AX,WHITEHAVEN COAL LTD,1,FLAU,41208,235140.94,11760.88577085,8.27,45022665.66301588,823347456.9879518,5.004934387087444e-05,0.03929382763226397,0.00026122144474690766,0.11567065160273253
NWL.AX,NETWEALTH GROUP LTD,1,FLAU,6477,97524.45,4877.81439045,21.3,13912701.913174603,245396702.9957204,2.6393997641088748e-05,0.05196842752240158,0.00035060151657752145,0.10867643194955334
HVN.AX,HARVEY NORMAN HOLDINGS LT,1,FLAU,27234,91785.23,4590.7600842,4.84,12378410.005555553,1246006653.9583335,2.1857026135039168e-05,0.051109971363447734,0.0003708683168629591,0.10726437579761279
ALX.AX,ATLAS ARTERIA,1,FLAU,50184,180078.27,9006.853444350001,5.1,27584180.757301588,1451029343.9215686,3.4585103471699716e-05,0.044388707322542326,0.0003265224196287167,0.1071652841378275
DMP.AX,DOMINO'S PIZZA ENTERPRISE,1,FLAU,3213,36668.02,1833.9994884,16.86,7050725.589682538,94746866.01466992,3.3911411903614015e-05,0.037794010831448815,0.0002601150002325614,0.09563762104947077
FLT.AX,FLIGHT CENTRE TRAVEL GROU,1,FLAU,8823,75177.22,3760.0880928,11.94,17639829.86031746,206156257.03454086,4.279763382841071e-05,0.027461576178638293,0.0002131589773016286,0.09410995796111403
GQG.AX,GQG PARTNERS INC-CDI,1,FLAU,41055,42174.0,2109.38846025,1.49,7315681.382539682,2984456534.6938777,1.3756273386039144e-05,0.0438150175634108,0.00028833793462963985,0.09284653929885144
BPT.AX,BEACH ENERGY LTD,1,FLAU,78795,54885.76,2745.18394575,0.95,12589526.593650794,2279762918.495298,3.4562804474426106e-05,0.03655620731548585,0.00021805299232891437,0.09273093236243525
NHC.AX,NEW HOPE CORP LTD,1,FLAU,25857,98605.99,4931.90917005,5.57,20773291.2984127,843773054.0394973,3.064449602438907e-05,0.03479645480225065,0.00023741587691628098,0.0898737895052924
TLX.AX,TELIX PHARMACEUTICALS LTD,1,FLAU,13311,134115.68,6707.973267150001,14.21,36225903.21412699,338777048.9726027,3.9291327557069766e-05,0.025943289290545533,0.00018517062852787885,0.08979121312213798
YAL.AX,YANCOAL AUSTRALIA LTD,1,FLAU,20247,82625.58,4132.627873349999,5.94,29160230.733492065,1320439437.037037,1.5333531725947757e-05,0.02473991389726936,0.00014172137083275744,0.0740438968545905
TPG.AX,TPG TELECOM LTD,1,FLAU,26673,69063.02,3454.2786063000003,3.68,29644462.194126986,1963029400.0,1.3587672196860629e-05,0.018118252135791053,0.00011652357137328485,0.06829658058704302
ASM.AX,Australian Strategic Materials Ltd,1,GDXJ,1,0.9,0.039465695285000005,1.33,1159819.4511111109,201900000.0,4.952947003467063e-09,6.598992151640565e-06,3.4027447330006185e-08,0.06397783574806697
