asx_ticker,company,n_etfs,etfs,etf_shares,adv_dollars_63d,etf_pct_float,days_to_exit_20pct_adv,inflow5_buy_days,forced_flow_score
GMG.AX,Goodman Group,25,"A200.AX,ACWX,AUMF.AX,EPP,EWA,FAIR.AX,FLAU,GEAR.AX,HVST.AX,ILC.AX,IOZ.AX,IVE.AX",173564724.0,130833349.46539682,0.08488144210407915,197.77986683508888,1.2087022128314437,0.958074025041808
TCL.AX,Transurban Group,29,"A200.AX,ACWX,EPP,EWA,EXI,FLAU,GEAR.AX,GLIN.AX,GRNV.AX,HVST.AX,IFRA.AX,IGF",231030981.0,89973151.28777777,0.07404411957002481,184.84272123350573,1.2813383890613064,0.95690613055181
SCG.AX,Scentre Group,24,"A200.AX,ACWX,EPP,EWA,EX20.AX,FAIR.AX,FLAU,GEAR.AX,GRNV.AX,HVST.AX,IOZ.AX,IVE.AX",480555706.0,48315662.38603175,0.09200800570931786,181.36509269723638,1.1525057508554493,0.9505783962646112
VCX.AX,Vicinity Centres,26,"A200.AX,ACWX,AUMF.AX,EPP,EWA,EX20.AX,FAIR.AX,FLAU,GEAR.AX,GRNV.AX,HVST.AX,IOZ.AX",388958555.0,28753598.252380952,0.08382120014908429,169.1109337169133,1.0926558400746322,0.9446010135961939
GPT.AX,The GPT Group,21,"A200.AX,EX20.AX,FAIR.AX,FLAU,GEAR.AX,GRNV.AX,HVST.AX,IOZ.AX,IXUS,MVA.AX,MVOL.AX,MVW.AX",183635856.0,24834382.031746026,0.0958644913699211,175.58037285929967,1.2036347756153114,0.9366856947360034
CHC.AX,Charter Hall Group,22,"A200.AX,EX20.AX,FAIR.AX,FLAU,GEAR.AX,GRNV.AX,HVST.AX,IOZ.AX,IXUS,MVA.AX,MVE.AX,MVOL.AX",45254070.0,28386873.361587297,0.09567517341547621,163.0083156466945,1.1457903599223356,0.9336069498274455
EVN.AX,Evolution Mining Limited,27,"A200.AX,ACWX,AUMF.AX,EPP,EWA,EX20.AX,FLAU,GDX,GDX.AX,GDXJ,GEAR.AX,GOAU",200436037.0,107232135.2022222,0.09868397609165523,118.43114656379664,0.7850728447930767,0.9169660460107409
PRU.AX,Perseus Mining Limited,20,"A200.AX,AUMF.AX,EX20.AX,GDX,GDX.AX,GDXJ,GEAR.AX,GOAU,GOEX,IOZ.AX,IXUS,MVE.AX",124465468.0,21693084.00428572,0.09244473340264792,151.85197743276697,1.1208338960948652,0.9137644044595422
MGR.AX,Mirvac Group,22,"A200.AX,EX20.AX,FAIR.AX,FLAU,GEAR.AX,GRNV.AX,HVST.AX,IOZ.AX,IXUS,MVA.AX,MVE.AX,MVOL.AX",396017875.0,25964161.35984127,0.10036287508892103,132.0685974209266,0.8920573742078237,0.9125896304898318
RGN.AX,Region Group,20,"A200.AX,AUMF.AX,EX20.AX,FAIR.AX,FLAU,GEAR.AX,IOZ.AX,ISO.AX,IXUS,MVA.AX,MVOL.AX,QOZ.AX",108811898.0,8131854.968412697,0.09472263353603581,153.3810787287026,1.024502283795778,0.9110470727040144
DYL.AX,Deep Yellow Limited,15,"A200.AX,EX20.AX,GEAR.AX,IOZ.AX,ISO.AX,IXUS,NLR,QRE.AX,URA,URNJ,URNM,URNM.AX",253102637.0,10627618.055714285,0.25945015900908797,205.8793611469093,1.431908994180323,0.9105257586957878
HDN.AX,HomeCo Daily Needs REIT,15,"A200.AX,AUMF.AX,EX20.AX,GEAR.AX,IOZ.AX,ISO.AX,MVA.AX,MVOL.AX,QOZ.AX,REET,VAP.AX,VAS.AX",168728444.0,4021182.5333333327,0.08075839348305812,259.46363493549563,1.7938670626230542,0.8984402065734203
BHP.AX,BHP Group Limited,33,"A200.AX,ACWX,AUMF.AX,BATT,COPX,EPP,EWA,FLAU,GEAR.AX,GNR,IHD.AX,IHOO.AX",261566613.0,538625624.3819048,0.05148251346883513,140.4111387024537,0.9350563204763179,0.8932753343705944
RMS.AX,Ramelius Resources Limited,24,"A200.AX,AUMF.AX,EX20.AX,FLAU,GDX,GDX.AX,GDXJ,GEAR.AX,GOAU,GOEX,GRNV.AX,IOZ.AX",210400458.0,33827718.40174603,0.11094354330777012,108.2523889546321,0.7016299084061663,0.8929464924523116
PDN.AX,Paladin Energy Ltd,17,"A200.AX,EX20.AX,GEAR.AX,IOZ.AX,ISO.AX,IXUS,MVR.AX,NLR,QOZ.AX,QRE.AX,URA,URNJ",89984204.0,35266690.94730158,0.24609531127285994,145.13880188561794,0.9283200937933589,0.8901654192155593
SGP.AX,Stockland,25,"A200.AX,ACWX,EPP,EWA,EX20.AX,FAIR.AX,FLAU,GEAR.AX,GRNV.AX,HVST.AX,IOZ.AX,IVE.AX",233344457.0,46476900.795555554,0.09596159853244315,102.98381181600047,0.6520778539464408,0.8841856109555108
CLW.AX,Charter Hall Long WALE REIT,15,"A200.AX,AUMF.AX,EX20.AX,GEAR.AX,IOZ.AX,ISO.AX,IXUS,MVA.AX,QOZ.AX,REET,VAP.AX,VAS.AX",57942755.0,5925516.97984127,0.08095987155916434,171.52911326988942,1.1600452705442603,0.8767526851159955
GMD.AX,Genesis Minerals Limited,22,"A200.AX,EX20.AX,FLAU,GDX,GDX.AX,GDXJ,GEAR.AX,GOAU,GOEX,IOZ.AX,IXUS,MVE.AX",107218124.0,30593515.24984127,0.09385929950358109,104.51938244685739,0.7180750466037624,0.8753523241545043
CBA.AX,Commonwealth Bank of Australia,25,"A200.AX,ACWX,AUMF.AX,EPP,EWA,FLAU,GEAR.AX,HVST.AX,ILC.AX,IOZ.AX,IVE.AX,IXG",74205539.0,372685758.1992063,0.04437801941548934,167.4956024489923,0.963215959181482,0.8737216923001517
SLX.AX,Silex Systems Limited,10,"A200.AX,EX20.AX,GEAR.AX,IOZ.AX,ISO.AX,NLR,URA,VAS.AX,VPL,VSO.AX",39728999.0,5217653.846349206,0.16847767335851682,217.00534913425778,1.5469840775177173,0.8727318696923105
WBC.AX,Westpac Banking Corporation,26,"A200.AX,ACWX,AUMF.AX,EPP,EWA,FLAU,GEAR.AX,GRNV.AX,IHD.AX,ILC.AX,IOZ.AX,IVE.AX",160271116.0,206642385.55793646,0.04693278608006306,146.43980186668205,0.8368309773869451,0.8710413089964525
SFR.AX,Sandfire Resources Limited,19,"A200.AX,BATT,COPX,EX20.AX,FLAU,GEAR.AX,GRNV.AX,IOZ.AX,IXUS,MVE.AX,MVR.AX,PICK",39465505.0,32575993.627460316,0.08451744401446833,109.40652460684305,0.8699772386474175,0.8696087392449406
ANZ.AX,ANZ Group Holdings Limited,25,"A200.AX,ACWX,AUMF.AX,EPP,EWA,FLAU,GEAR.AX,IHD.AX,ILC.AX,IOZ.AX,IVE.AX,IXG",142060409.0,177781374.69396827,0.04717999931461786,143.69053109070114,0.8545614121482025,0.8682541578404406
CIP.AX,Centuria Industrial REIT,14,"A200.AX,AUMF.AX,EX20.AX,GEAR.AX,IOZ.AX,ISO.AX,MVA.AX,QOZ.AX,REET,VAP.AX,VAS.AX,VNQI",46177228.0,3948019.313333333,0.07395598249806211,173.05084672969565,1.172016488528366,0.8621829577485914
WGX.AX,Westgold Resources Limited,20,"A200.AX,AUMF.AX,EX20.AX,GDX,GDX.AX,GDXJ,GEAR.AX,GOAU,GOEX,IOZ.AX,IXUS,MVE.AX",89716851.0,23925615.009523813,0.09495539144151956,104.12615721068902,0.6833942688595427,0.8588753986961692
WPR.AX,Waypoint REIT,14,"A200.AX,AUMF.AX,EX20.AX,GEAR.AX,IOZ.AX,ISO.AX,IXUS,QOZ.AX,REET,VAP.AX,VAS.AX,VNQI",48974941.0,3374806.3614285714,0.07501357981010322,175.6624803938192,1.0594110831296555,0.8581106124429282
BWP.AX,BWP Trust,15,"A200.AX,AUMF.AX,EX20.AX,GEAR.AX,IOZ.AX,ISO.AX,IXUS,MVOL.AX,QOZ.AX,REET,VAP.AX,VAS.AX",46380512.0,4884765.224920635,0.05907389759873243,180.70128422443392,1.1036328769440915,0.8572182107955109
DXS.AX,Dexus,18,"A200.AX,EX20.AX,FLAU,GEAR.AX,HVST.AX,IOZ.AX,IXUS,MVOL.AX,QOZ.AX,REET,VAP.AX,VAS.AX",84734097.0,19069959.436825406,0.07899952179531254,131.13810852648552,0.7468294275157189,0.8552670244609486
ALX.AX,Atlas Arteria Limited,23,"A200.AX,EX20.AX,FLAU,GEAR.AX,GLIN.AX,GRNV.AX,IFRA.AX,IGF,IHD.AX,IOZ.AX,IXUS,MVE.AX",103671565.0,27584180.757301588,0.07144691141794282,91.69948103887539,0.7043973898284269,0.8547351019743814
MPL.AX,Medibank Private Limited,27,"A200.AX,ACWX,AUMF.AX,EPP,EWA,EX20.AX,FAIR.AX,FLAU,GEAR.AX,GRNV.AX,IHD.AX,IOZ.AX",144768630.0,32962599.483174596,0.05256661571683554,102.06620877789094,0.6917223008695215,0.8474348587851221
ORG.AX,Origin Energy Limited,23,"A200.AX,ACWX,EPP,EWA,EX20.AX,FLAU,GEAR.AX,IOZ.AX,IVE.AX,IXUS,JXI,MVOL.AX",93418446.0,48469468.00095237,0.05426859896861702,112.69968481417365,0.6740146638084669,0.84537053393517
BMN.AX,Bannerman Energy Ltd,6,"ISO.AX,URA,URNJ,URNM,URNM.AX,VAS.AX",44511153.0,3763980.4498412693,0.21427200912714459,222.68406636890566,1.451943958894055,0.8450564616394914
QUB.AX,Qube Holdings Limited,16,"A200.AX,EX20.AX,FLAU,GEAR.AX,IGF,IOZ.AX,IXUS,MVE.AX,MVOL.AX,MVW.AX,QOZ.AX,VAS.AX",148221478.0,33377863.255079366,0.08372145975149416,110.53951525776137,0.7859576629572588,0.840216904488956
QBE.AX,QBE Insurance Group Limited,25,"A200.AX,ACWX,AUMF.AX,EPP,EWA,FLAU,GEAR.AX,GRNV.AX,HVST.AX,IHD.AX,ILC.AX,IOZ.AX",72493220.0,75804466.36412697,0.048522110281423225,108.44826013915217,0.6868957729536442,0.8390848432362433
ARF.AX,Arena REIT,13,"A200.AX,AUMF.AX,EX20.AX,GEAR.AX,IOZ.AX,ISO.AX,QOZ.AX,REET,VAP.AX,VAS.AX,VNQI,VPL",29883596.0,3103411.517301587,0.07348997503903992,158.40574602295817,0.9343354846860397,0.8365370310613458
APA.AX,APA Group,24,"A200.AX,ACWX,EPP,EWA,EX20.AX,FLAU,GEAR.AX,GLIN.AX,HVST.AX,IFRA.AX,IOZ.AX,IVE.AX",70944116.0,35236174.12650793,0.05359328876298395,101.95133425933568,0.660819954332814,0.8349329204028445
DOW.AX,Downer EDI Ltd,19,"A200.AX,AUMF.AX,EX20.AX,FLAU,GEAR.AX,GRNV.AX,IHD.AX,IOZ.AX,IXUS,MVE.AX,MVOL.AX,QOZ.AX",32113097.0,9824140.031111112,0.04872007582970991,126.95524947949997,0.9212795341265543,0.8339455861174525
TLC.AX,The Lottery Corporation Limited,20,"A200.AX,ACWX,EPP,EWA,EX20.AX,FLAU,GEAR.AX,HVST.AX,IOZ.AX,IVE.AX,IXUS,MVOL.AX",117394265.0,27404409.884920638,0.052743172349518246,115.83859350849481,0.7495602184674794,0.8333638902118122
EMR.AX,Emerald Resources NL,20,"A200.AX,AUMF.AX,EX20.AX,GDX.AX,GDXJ,GEAR.AX,GOAU,GOEX,IOZ.AX,ISO.AX,IXUS,MVOL.AX",40178554.0,11765255.077936508,0.060805119268232836,99.34292167100106,0.7236089723408115,0.8332689296934739
BEN.AX,Bendigo and Adelaide Bank Limited,20,"A200.AX,EX20.AX,FAIR.AX,FLAU,GEAR.AX,GRNV.AX,IOZ.AX,IXUS,MVB.AX,MVE.AX,MVOL.AX,MVW.AX",31010942.0,15962420.126190476,0.05499692288913854,102.56970220740315,0.7490668379001534,0.8306136875076288
NST.AX,Northern Star Resources Limited,26,"A200.AX,ACWX,AUMF.AX,EPP,EWA,EX20.AX,FLAU,GDX,GDX.AX,GEAR.AX,GNR,GRNV.AX",115546117.0,157286095.86063495,0.08095660505143333,76.61951064539605,0.4927200805486334,0.8280844575950544
IAG.AX,Insurance Australia Group Limited,24,"A200.AX,ACWX,EPP,EWA,EX20.AX,FAIR.AX,FLAU,GEAR.AX,HVST.AX,IHD.AX,IOZ.AX,IVE.AX",119885453.0,45581785.63825397,0.051277959087712856,99.47465497143095,0.6613674823912647,0.8275168691533832
NAB.AX,National Australia Bank Limited,25,"A200.AX,ACWX,AUMF.AX,EPP,EWA,FLAU,GEAR.AX,IHD.AX,ILC.AX,IOZ.AX,IVE.AX,IXG",143265567.0,253047876.21444446,0.0467983957979117,111.36126658359818,0.6412430469500643,0.8269372015441929
DNL.AX,Dyno Nobel Limited,21,"A200.AX,AUMF.AX,EX20.AX,FLAU,GEAR.AX,GRNV.AX,HVST.AX,IOZ.AX,IXUS,MOO,MVE.AX,MVOL.AX",100945357.0,19986058.90142857,0.057548890016418865,88.04935570426612,0.7141342317553996,0.8264347067813799
GGP.AX,Greatland Resources Limited,17,"A200.AX,EX20.AX,GDX,GDX.AX,GDXJ,GEAR.AX,GOEX,IOZ.AX,IXUS,MVE.AX,MVOL.AX,MVR.AX",51801251.0,33973144.25619047,0.07698134973739182,99.5445036304865,0.7434208976773055,0.8259228023958601
DBI.AX,Dalrymple Bay Infrastructure Limited,11,"A200.AX,EX20.AX,GEAR.AX,IGF,IHD.AX,IOZ.AX,ISO.AX,QOZ.AX,VAS.AX,VHY.AX,ZYAU.AX",39075402.0,7538562.176507937,0.07881892569835092,138.68583065069404,1.0382431796789342,0.8251888587948244
WES.AX,Wesfarmers Limited,21,"A200.AX,ACWX,AUMF.AX,EPP,EWA,FLAU,GEAR.AX,HVST.AX,ILC.AX,IOZ.AX,IVE.AX,IXUS",46697898.0,126830951.21174602,0.0411333750264252,141.77401993773344,0.8733723179459247,0.8246724587006781
TLS.AX,Telstra Group Limited,26,"A200.AX,ACWX,AUMF.AX,EPP,EWA,FAIR.AX,FLAU,GEAR.AX,HVST.AX,IHD.AX,ILC.AX,IOZ.AX",487947874.0,121168811.03380954,0.04380482141317967,106.36744353360946,0.6988623397007802,0.824351778758832
COL.AX,Coles Group Limited,23,"A200.AX,ACWX,AUMF.AX,EPP,EWA,FLAU,GEAR.AX,ILC.AX,IOZ.AX,IVE.AX,IXI.AX,IXUS",69320630.0,75427777.84857142,0.051610874517920693,102.35789245571979,0.6424875196752323,0.8237341450645428
SOL.AX,Washington H. Soul Pattinson and Company Limited,20,"A200.AX,ACWX,EPP,EWA,EX20.AX,FLAU,GEAR.AX,HVST.AX,IOZ.AX,IVE.AX,IXG,IXUS",15485874.0,27160688.060317464,0.04743144651468224,121.11449586524142,0.75630477754418,0.8232706828107355
KCN.AX,Kingsgate Consolidated Limited,17,"A200.AX,AUMF.AX,EX20.AX,GDX.AX,GDXJ,GOAU,IOZ.AX,ISO.AX,IXUS,MVS.AX,QRE.AX,SGDJ",27527674.0,8905873.094285715,0.10300797434789452,86.77128256539638,0.6120906929165216,0.8197302809019119
CMM.AX,Capricorn Metals Ltd,18,"A200.AX,EX20.AX,GDX,GDX.AX,GDXJ,GEAR.AX,GOAU,GOEX,IOZ.AX,IXUS,MVE.AX,MVOL.AX",39612936.0,29176593.389047623,0.08672065442986868,84.99801603232254,0.6370458650257406,0.818645135331006
CQR.AX,Charter Hall Retail REIT,14,"A200.AX,AUMF.AX,EX20.AX,GEAR.AX,IOZ.AX,ISO.AX,IXUS,QOZ.AX,REET,VAP.AX,VAS.AX,VNQI",38762003.0,5739145.9339682525,0.06668965654456319,128.4968018637272,0.787019715235308,0.8168228747677079
CNI.AX,Centuria Capital Group,13,"A200.AX,AUMF.AX,EX20.AX,GEAR.AX,IOZ.AX,ISO.AX,IXUS,QOZ.AX,VAP.AX,VAS.AX,VNQI,VPL",59406368.0,4249441.875079365,0.06977541399743362,127.8348060859732,0.8420220287779189,0.8148787282249481
AZJ.AX,Aurizon Holdings Limited,25,"A200.AX,AUMF.AX,EX20.AX,FLAU,GEAR.AX,GLIN.AX,HVST.AX,IFRA.AX,IHD.AX,IOZ.AX,IXUS,MVE.AX",99753241.0,27863025.784444444,0.05926017251724281,74.08078854804342,0.5531768457872367,0.8125378998692355
SUN.AX,Suncorp Group Limited,25,"A200.AX,ACWX,AUMF.AX,EPP,EWA,EX20.AX,FAIR.AX,FLAU,GEAR.AX,GRNV.AX,HVST.AX,IHD.AX",56541030.0,58776867.88,0.05333800764641087,81.92616665980437,0.5628775912965124,0.8119334396467357
BRE.AX,Brazilian Rare Earths,5,"PICK,VEU,VNQI,VSO.AX,VWO",238674080.4,2979195.540952381,0.8519397272603016,2112.827774644325,0.8073680600496385,0.8107558079397588
SHL.AX,Sonic Healthcare Limited,25,"A200.AX,ACWX,AUMF.AX,EPP,EWA,EX20.AX,FAIR.AX,FLAU,GEAR.AX,GRNV.AX,IHD.AX,IOZ.AX",28068599.0,34776439.901428565,0.05679167055215468,79.24541230361793,0.5284861187342283,0.8105309458374311
WOW.AX,Woolworths Group Limited,23,"A200.AX,ACWX,AUMF.AX,EPP,EWA,FAIR.AX,FLAU,GEAR.AX,HVST.AX,ILC.AX,IOZ.AX,IVE.AX",53790597.0,92341599.31063493,0.0440329343305872,104.79783146535205,0.6380441690363706,0.8042069753993151
CQE.AX,Charter Hall Social Infrastructure REIT,9,"AUMF.AX,ISO.AX,QOZ.AX,REET,VAP.AX,VAS.AX,VNQI,VPL,VSO.AX",21151787.0,1551256.5538095238,0.056996194774401036,176.99339272523181,0.9668118008450238,0.8015904102478403
RSG.AX,Resolute Mining Limited,19,"A200.AX,AUMF.AX,EX20.AX,GDX.AX,GDXJ,GEAR.AX,GOAU,GOEX,IOZ.AX,ISO.AX,IXUS,MVS.AX",137820766.0,10397501.137857137,0.06448003663639869,85.0511034427608,0.5501740759273668,0.7992393428286045
RFF.AX,Rural Funds Group,6,"ISO.AX,QOZ.AX,VAP.AX,VAS.AX,VNQI,VPL",23215424.0,1086124.4242857143,0.059569037644621264,215.11686163461738,1.138642663550066,0.7991795742991895
BOQ.AX,Bank of Queensland Limited,22,"A200.AX,AUMF.AX,EX20.AX,FAIR.AX,FLAU,GEAR.AX,IHD.AX,IOZ.AX,IXUS,MVB.AX,MVE.AX,MVOL.AX",37855461.0,16356256.238095239,0.05757590519217913,75.92631942438047,0.5479836027716951,0.7976033997649907
INA.AX,Ingenia Communities Group,12,"A200.AX,AUMF.AX,EX20.AX,GEAR.AX,IOZ.AX,ISO.AX,QOZ.AX,VAP.AX,VAS.AX,VNQI,VPL,VSO.AX",28709835.0,4579028.166190477,0.07043919004831661,123.75885690396152,0.735310449990872,0.7975872430942988
SDF.AX,Steadfast Group Limited,21,"A200.AX,AUMF.AX,EX20.AX,FAIR.AX,FLAU,GEAR.AX,GRNV.AX,IOZ.AX,IXUS,MVE.AX,MVOL.AX,MVW.AX",57789768.0,16075990.20968254,0.05196960709455088,80.3683545275752,0.6269003645790301,0.793980123475439
MQG.AX,Macquarie Group Limited,24,"A200.AX,ACWX,AUMF.AX,EPP,EWA,FLAU,GEAR.AX,GRNV.AX,ILC.AX,IOZ.AX,IVE.AX,IXG",16712968.0,204190875.22984126,0.0438501272562391,94.94173526274477,0.6094299360641049,0.793084550436665
NHF.AX,Nib Holdings Limited,18,"A200.AX,AUMF.AX,EX20.AX,FAIR.AX,GEAR.AX,GRNV.AX,IHD.AX,IOZ.AX,ISO.AX,IXUS,MVOL.AX,QFN.AX",20271898.0,6188280.073174604,0.04153693727926215,108.71109876055874,0.8093827169173933,0.7831499892744241
WDS.AX,Woodside Energy Group Ltd,27,"A200.AX,ACWX,AUMF.AX,EPP,EWA,FLAU,GEAR.AX,GNR,HVST.AX,ILC.AX,IOZ.AX,IVE.AX",102769627.0,221824782.67,0.05420863479594369,74.94960458881597,0.4400946490366092,0.7830461488602869
ILU.AX,Iluka Resources Limited,18,"A200.AX,EX20.AX,FLAU,GEAR.AX,GRNV.AX,IOZ.AX,ISO.AX,IXUS,MVR.AX,PICK,QOZ.AX,QRE.AX",37464769.0,19712918.896349207,0.08690001024223233,72.43796675466608,0.5083217442470831,0.7800235968245158
AGE.AX,Alligator Energy Limited,4,"URA,URNJ,URNM,URNM.AX",449795990.0,716961.0918412699,0.10137311896147876,127.76571139952365,1.1961692929842287,0.7769217112141904
EL8.AX,Elevate Uranium Ltd,3,"URA,URNJ,URNM.AX",46484434.0,415048.7034126984,0.1254417134869362,153.91915158915415,1.104697691811054,0.7739912689295819
BSL.AX,BlueScope Steel Limited,21,"A200.AX,AUMF.AX,EX20.AX,FLAU,GEAR.AX,GRNV.AX,IOZ.AX,IXUS,MVOL.AX,MVW.AX,MXI,PICK",19229774.0,34775928.0436508,0.04389583356405512,83.07207530936344,0.616176514729316,0.7731125495705894
S32.AX,South32 Limited,23,"A200.AX,ACWX,BATT,EPP,EWA,EX20.AX,FLAU,GEAR.AX,IOZ.AX,IVE.AX,IXUS,MVOL.AX",231399056.0,67637511.97714287,0.051636257381426076,75.05397333114513,0.48627714900752456,0.772917484606833
PEN.AX,Peninsula Energy Limited,4,"URA,URNJ,URNM,URNM.AX",79910215.0,1566297.4956658732,0.49990583912137926,125.25623577114483,0.9618844281108617,0.771461481409736
AEU.AX,Atomic Eagle Limited,3,"URA,URNJ,URNM.AX",30550179.0,412113.1946825397,0.07798595474697372,167.20388176221127,1.4773625759794635,0.7693473343500744
LYC.AX,Lynas Rare Earths Limited,22,"A200.AX,ACWX,EPP,EWA,EX20.AX,FLAU,GEAR.AX,IOZ.AX,IVE.AX,IXUS,MVOL.AX,MVR.AX",58633325.0,76952707.02301589,0.0582545204381248,73.22666758252052,0.4462640600765989,0.7684633037818207
CPU.AX,Computershare Limited,22,"A200.AX,ACWX,EPP,EWA,EX20.AX,EXI,FAIR.AX,FLAU,GEAR.AX,GRNV.AX,HVST.AX,IOZ.AX",24654807.0,48830067.07666667,0.04262682946946007,81.94155551202228,0.5617096375413275,0.7653131712023278
EDV.AX,Endeavour Group Limited,19,"A200.AX,AUMF.AX,EX20.AX,FLAU,GEAR.AX,IHD.AX,IOZ.AX,IXUS,MVE.AX,MVOL.AX,MVW.AX,QOZ.AX",84811251.0,16569906.875238094,0.04723107449394731,81.98862043527217,0.579241711445013,0.7635177524590621
PPT.AX,Perpetual Limited,18,"A200.AX,AUMF.AX,EX20.AX,FLAU,GEAR.AX,GRNV.AX,IOZ.AX,ISO.AX,IXUS,QFN.AX,QOZ.AX,VAS.AX",4850389.0,3984038.7300000004,0.041939799327747045,98.33195873780659,0.6536903984156447,0.7546800954110651
JBH.AX,JB Hi-Fi Limited,22,"A200.AX,AUMF.AX,EX20.AX,FAIR.AX,FLAU,GEAR.AX,GRNV.AX,HVST.AX,IOZ.AX,IXUS,MVE.AX,MVOL.AX",6065960.0,36413175.00412698,0.05548101280331211,61.82580144681464,0.46399195787240227,0.7535800686961007
OBM.AX,Ora Banda Mining Limited,17,"A200.AX,AUMF.AX,EX20.AX,GDX.AX,GDXJ,GEAR.AX,GOEX,IOZ.AX,ISO.AX,IXUS,MVS.AX,QRE.AX",104910669.0,9099257.035396826,0.05443005696675383,74.9591967974008,0.5309985349478327,0.7515285409330298
MND.AX,Monadelphous Group Limited,15,"A200.AX,AUMF.AX,EX20.AX,GEAR.AX,IHD.AX,IOZ.AX,ISO.AX,IXUS,MVR.AX,QOZ.AX,VAS.AX,VHY.AX",4464930.0,6691079.565555555,0.04460782898814475,97.77264516977588,0.7285554255968988,0.7503730183543682
CMW.AX,Cromwell Property Group,9,"ISO.AX,IXUS,QOZ.AX,REET,VAP.AX,VAS.AX,VNQI,VPL,VSO.AX",110266349.0,1430960.2688095241,0.04210455234509541,159.85211172593034,0.9512654226198578,0.7483047763133338
CYL.AX,Catalyst Metals Limited,15,"A200.AX,EX20.AX,GDX.AX,GDXJ,GEAR.AX,GOEX,IOZ.AX,ISO.AX,MVS.AX,QRE.AX,RING,SGDJ",18547638.0,7549841.903968253,0.0710787254019046,71.78154599759839,0.5217198485114396,0.7467188645621565
WOR.AX,Worley Limited,19,"A200.AX,AUMF.AX,EX20.AX,FLAU,GEAR.AX,IOZ.AX,IXUS,MVE.AX,MVOL.AX,MVR.AX,MVW.AX,QOZ.AX",27894497.0,26548083.5168254,0.05509228005902799,63.130030064760255,0.5000996997003104,0.7444270359454279
STO.AX,Santos Limited,24,"A200.AX,ACWX,AUMF.AX,EPP,EWA,FLAU,GEAR.AX,HVST.AX,IOZ.AX,IVE.AX,IXC,IXUS",176480537.0,116114972.30888887,0.05446480165903708,59.44150066150964,0.3706453645734876,0.7387013920498251
FMG.AX,Fortescue Ltd,30,"A200.AX,ACWX,AUMF.AX,EPP,EWA,FLAU,GEAR.AX,GNR,HGEN.AX,IHD.AX,ILC.AX,IOZ.AX",93143289.0,122514916.78746033,0.03025149408334094,79.496967724966,0.5184401131534095,0.7372155986842476
DXI.AX,Dexus Industria REIT,9,"AUMF.AX,ISO.AX,QOZ.AX,REET,VAP.AX,VAS.AX,VNQI,VPL,VSO.AX",16840742.0,1743170.6393650793,0.05351261812612407,116.0582818985411,0.6518149032765577,0.7365972401005054
AGL.AX,AGL Energy Limited,19,"A200.AX,AUMF.AX,EX20.AX,FLAU,GEAR.AX,HVST.AX,IOZ.AX,IXUS,MVE.AX,MVOL.AX,MVW.AX,QOZ.AX",33872070.0,22343291.54920635,0.050348880440152184,69.94280930771932,0.4774188557169004,0.7323086128744047
VUL.AX,Vulcan Energy Resources Limited,11,"FAIR.AX,GEAR.AX,IOZ.AX,ISO.AX,IXUS,LIT,PICK,REMX,VAS.AX,VPL,VSO.AX",33080927.0,8268614.75984127,0.1395249983808555,71.08300926093526,0.48101518365538676,0.7295617906643048
ALD.AX,Ampol Limited,19,"A200.AX,EX20.AX,FLAU,GEAR.AX,IOZ.AX,IXUS,MVE.AX,MVOL.AX,MVR.AX,MVW.AX,QOZ.AX,QRE.AX",13746952.0,38635624.46809524,0.057687078954422,60.51999829828598,0.4394849441840661,0.726789945827896
BOE.AX,Boss Energy Limited,7,"ISO.AX,URA,URNJ,URNM,URNM.AX,VAS.AX,VPL",93974825.0,8153659.645238096,0.22634991268742097,82.50657848493334,0.48818845797103827,0.7251910000067471
AEE.AX,Aura Energy Limited,3,"URA,URNJ,URNM.AX",84820944.0,394593.90049206355,0.08320346857098014,122.14975861058254,0.7833723048850347,0.7246099732298326
CGF.AX,Challenger Limited,20,"A200.AX,AUMF.AX,EX20.AX,FAIR.AX,FLAU,GEAR.AX,GRNV.AX,HVST.AX,IOZ.AX,IXUS,MVE.AX,MVOL.AX",24979789.0,14568594.077142853,0.03652994548553643,75.66967739713112,0.5506189184262735,0.7238817172229663
QRI.AX,Qualitas Real Estate Income Fund,2,"VAP.AX,VAS.AX",34255845.0,1370022.2993650793,0.05427751915629892,193.8476412450761,1.00897477877509,0.7227355694165571
ALL.AX,Aristocrat Leisure Limited,19,"A200.AX,ACWX,EPP,EWA,FLAU,GEAR.AX,ILC.AX,IOZ.AX,IVE.AX,IXUS,MVOL.AX,MVW.AX",24438568.0,75362439.9684127,0.04060961731325728,80.49773995830512,0.4923575685705126,0.7196186005295374
GOZ.AX,Growthpoint Properties Australia,10,"AUMF.AX,ISO.AX,IXUS,MVS.AX,REET,VAP.AX,VAS.AX,VNQI,VPL,VSO.AX",19539336.0,1194664.825238095,0.025903835697963846,178.15523480740904,1.0786357172550842,0.7169655748325965
BXB.AX,Brambles Limited,23,"A200.AX,ACWX,AUMF.AX,EPP,EWA,EXI,FAIR.AX,FLAU,GEAR.AX,GRNV.AX,ILC.AX,IOZ.AX",59057629.0,86159275.38587302,0.044095563387117245,66.45157224454518,0.3662829461904317,0.7120624016624726
DRR.AX,Deterra Royalties Limited,21,"A200.AX,AUMF.AX,EX20.AX,FLAU,GEAR.AX,GRNV.AX,IHD.AX,IOZ.AX,ISO.AX,IXUS,MVOL.AX,MVR.AX",21943503.0,7166487.1985714305,0.04144537600858239,66.16116865861567,0.47765245434538095,0.7094890022839035
BGL.AX,Bellevue Gold Limited,16,"A200.AX,EX20.AX,GDX.AX,GDXJ,GEAR.AX,GOAU,GOEX,IOZ.AX,ISO.AX,IXUS,QOZ.AX,QRE.AX",89980060.0,11304483.243174601,0.060452001333171905,61.52401577762826,0.42188097336824076,0.7082053485243398
LTR.AX,Liontown Resources Limited,19,"A200.AX,ACDC.AX,BATT,EX20.AX,FAIR.AX,GEAR.AX,GRNV.AX,ILIT,IOZ.AX,ISO.AX,IXUS,LIT",222301074.0,46805189.040476196,0.06992556847671204,50.41395337189187,0.36176792409024683,0.7070765074536202
NXT.AX,NEXTDC Limited,18,"A200.AX,EX20.AX,FAIR.AX,FLAU,GEAR.AX,GRNV.AX,IOZ.AX,IXN,IXUS,MVE.AX,MVOL.AX,MVW.AX",34857687.0,39928037.446984135,0.04823903000737323,61.57109062944181,0.4656302432198179,0.706441978259004
NWH.AX,NRW Holdings Limited,15,"A200.AX,AUMF.AX,EX20.AX,GEAR.AX,IHD.AX,IOZ.AX,ISO.AX,IXUS,MVS.AX,QOZ.AX,VAS.AX,VHY.AX",20053463.0,9053009.297301585,0.04364506106427554,73.925883449731,0.5849485508141554,0.7056831374932955
MTS.AX,Metcash Limited,20,"A200.AX,AUMF.AX,EX20.AX,FLAU,GEAR.AX,HVST.AX,IHD.AX,IOZ.AX,ISO.AX,IXUS,MVE.AX,MVOL.AX",54496800.0,14450744.323015872,0.04955488205021563,56.2181939602444,0.4117016936036001,0.7019640991249525
WAF.AX,West African Resources Limited,16,"A200.AX,AUMF.AX,EX20.AX,GDX.AX,GDXJ,GEAR.AX,GOAU,IOZ.AX,ISO.AX,IXUS,MVS.AX,QRE.AX",67925629.0,18052654.534126986,0.05942696391363509,59.527774317055815,0.41604578983628093,0.7007637309814797
ORA.AX,Orora Limited,21,"A200.AX,AUMF.AX,EX20.AX,FAIR.AX,FLAU,GEAR.AX,GRNV.AX,IHD.AX,IOZ.AX,ISO.AX,IXUS,MVOL.AX",62284700.0,8281525.3317460315,0.05083042888854799,55.34985514859364,0.364264204322452,0.699828595706792
GBP.AX,,15,"ARMR.AX,BNKS.AX,DRUG.AX,ETHI.AX,F100.AX,FOOD.AX,FUEL.AX,HACK.AX,HEUR.AX,INCM.AX,MNRS.AX,POU.AX",-36630097.45,,,,,0.6908396946564885
ORI.AX,Orica Limited,17,"A200.AX,EX20.AX,FLAU,GEAR.AX,GRNV.AX,IOZ.AX,IXUS,MVE.AX,MVOL.AX,MVR.AX,MVW.AX,QOZ.AX",21165046.0,37744542.8631746,0.04567730430357515,60.813015290096324,0.4570714405303336,0.6839203042037622
VNT.AX,Ventia Services Group Limited,15,"A200.AX,AUMF.AX,EX20.AX,GEAR.AX,IHD.AX,IOZ.AX,ISO.AX,IXUS,MVOL.AX,QOZ.AX,VAS.AX,VHY.AX",34277645.0,14836979.576349208,0.04174272196013571,66.39656932655151,0.5217254629417333,0.6779455353194301
QAN.AX,Qantas Airways Limited,22,"A200.AX,ACWX,EPP,EWA,EX20.AX,EXI,FLAU,GEAR.AX,GRNV.AX,IOZ.AX,IVE.AX,IXUS",69993918.0,64490111.53968254,0.04625558682203232,48.58157377966402,0.3531440378812117,0.6764976940987697
REH.AX,Reece Limited,16,"A200.AX,AUMF.AX,EX20.AX,FAIR.AX,FLAU,GEAR.AX,IOZ.AX,ISO.AX,IXUS,MVW.AX,QOZ.AX,VAS.AX",12290906.0,8722918.90063492,0.01998222519388318,99.28538028702125,0.8000700105086385,0.6764154888467673
PLS.AX,PLS Group Limited,28,"A200.AX,ACDC.AX,ACWX,BATT,EPP,EWA,EX20.AX,FAIR.AX,FLAU,GEAR.AX,GRNV.AX,ILIT",229227067.0,187181775.58269843,0.07116643924473019,36.539123476374215,0.252614832531214,0.675796802668753
ALQ.AX,ALS Limited,19,"A200.AX,AUMF.AX,EX20.AX,EXI,FLAU,GEAR.AX,GRNV.AX,HVST.AX,IOZ.AX,IXUS,MVE.AX,MVOL.AX",21576639.0,40678916.69428572,0.04251198027107992,58.92815248202793,0.424299733791023,0.6755368322185927
CSL.AX,CSL Limited,23,"A200.AX,ACWX,EPP,EWA,FAIR.AX,FLAU,GEAR.AX,GRNV.AX,HVST.AX,ILC.AX,IOZ.AX,IVE.AX",20877016.0,214676456.64746028,0.043592593211278896,55.69930738922209,0.2959188307020498,0.6707564023491103
SGH.AX,SGH Limited,19,"A200.AX,ACWX,EPP,EWA,EX20.AX,FLAU,GEAR.AX,HVST.AX,IOZ.AX,IVE.AX,IXUS,MVE.AX",9319157.0,23415798.80206349,0.0228972950497136,82.02606257781626,0.530869067485124,0.6698191133163364
VAU.AX,Vault Minerals Limited,16,"A200.AX,EX20.AX,GDX,GDXJ,GEAR.AX,GOEX,IOZ.AX,ISO.AX,IXUS,MVOL.AX,QOZ.AX,QRE.AX",64198510.0,29672135.955079366,0.06205357271664199,48.62371063146871,0.348109508995183,0.6695801576902212
TNE.AX,Technology One Limited,18,"A200.AX,AUMF.AX,EX20.AX,FAIR.AX,FLAU,GEAR.AX,GRNV.AX,IOZ.AX,IXUS,MVE.AX,MVOL.AX,MVW.AX",13867151.0,34199227.63793651,0.04235944905740257,59.05986928349536,0.4353885802729808,0.6693069370972716
FFM.AX,FireFly Metals Ltd,10,"A200.AX,COPX,EX20.AX,IOZ.AX,ISO.AX,PICK,QRE.AX,VAS.AX,VPL,VSO.AX",55811440.0,9634257.417619048,0.0852234718969901,56.39993572937892,0.39775971645988584,0.6688680722942288
APZ.AX,Aspen Group,5,"ISO.AX,REET,VAP.AX,VAS.AX,VPL",12219397.0,2961321.2615873017,0.05367270948147299,99.06054619018215,0.5185679689687245,0.6687642667305461
RRL.AX,Regis Resources Limited,18,"A200.AX,AUMF.AX,EX20.AX,GDX.AX,GDXJ,GEAR.AX,GOEX,IOZ.AX,IXUS,MVE.AX,MVOL.AX,MVR.AX",45490234.0,33104396.443809528,0.06007278158393771,46.00677322066946,0.32703133515519345,0.668362810405331
SIG.AX,Sigma Healthcare Limited,20,"A200.AX,ACWX,EPP,EWA,EX20.AX,FLAU,GEAR.AX,GRNV.AX,IOZ.AX,IVE.AX,IXJ,IXJ.AX",244017877.0,40640259.072380945,0.021138613880255456,83.70826520433312,0.509018208033288,0.6679627550683853
FFX.AX,Firefinch Limited,7,"GDXJ,GOEX,ISO.AX,SGDJ,VAS.AX,VPL,VSO.AX",80012313.0,,0.0676436682588663,,,0.6674982682112165
VSL.AX,Vulcan Steel Limited,7,"AUMF.AX,ISO.AX,MVOL.AX,PICK,VAS.AX,VPL,VSO.AX",2408998.0,268170.17619047617,0.016440311338165165,238.11341944314483,1.3782307072050621,0.6665894032091079
MIN.AX,Mineral Resources Limited,22,"A200.AX,ACDC.AX,BATT,EX20.AX,FLAU,GEAR.AX,ILIT,IOZ.AX,IXUS,LIT,MVE.AX,MVR.AX",9433719.0,73282666.37507935,0.048013858330599665,41.20225704265659,0.3273881018973055,0.6595088921352784
RIO.AX,Rio Tinto Group,31,"A200.AX,ACWX,AUMF.AX,EPP,EWA,FLAU,GEAR.AX,GNR,HVST.AX,IHD.AX,ILC.AX,IOZ.AX",20710166.0,237129534.66492066,0.01275242929736619,76.75616796427848,0.5120062175916431,0.6583149922361552
RHC.AX,Ramsay Health Care Limited,18,"A200.AX,AUMF.AX,EX20.AX,FAIR.AX,FLAU,GEAR.AX,GRNV.AX,IOZ.AX,IXUS,MVE.AX,MVOL.AX,MVW.AX",8804635.0,27781970.28301587,0.038292676031835775,61.44811295077028,0.43505748252682647,0.6578733254565731
DVP.AX,Develop Global Limited,6,"COPX,ISO.AX,PICK,VAS.AX,VPL,VSO.AX",17143512.0,7100966.85936508,0.05195232304722743,71.43491804631215,0.5323563784012172,0.6556430985031646
ANN.AX,Ansell Limited,16,"A200.AX,AUMF.AX,EX20.AX,FLAU,GEAR.AX,GRNV.AX,HVST.AX,IOZ.AX,IXUS,MVE.AX,QOZ.AX,VAS.AX",5709414.0,12640143.16793651,0.04041775835539484,62.137527486926594,0.43057253451049243,0.654318906694962
ABG.AX,Abacus Property Group,9,"AUMF.AX,ISO.AX,IXUS,REET,VAP.AX,VAS.AX,VNQI,VPL,VSO.AX",28427164.0,1357541.1582539682,0.03180989147973833,104.76736719745305,0.605278644091476,0.6529662420654576
ASK.AX,Abacus Storage King,9,"AUMF.AX,ISO.AX,IXUS,REET,VAP.AX,VAS.AX,VNQI,VPL,VSO.AX",27349189.0,1367740.1907936505,0.020812059477647655,139.18702246521974,0.7992425931541897,0.651848629811168
ASX.AX,ASX Limited,23,"A200.AX,ACWX,AUMF.AX,EPP,EWA,EX20.AX,FAIR.AX,FLAU,GEAR.AX,GRNV.AX,IOZ.AX,IVE.AX",9317425.0,55095488.926507935,0.04773017461997626,44.607630930960376,0.26390294193251246,0.6503398909063678
SEK.AX,SEEK Limited,16,"A200.AX,EX20.AX,FAIR.AX,FLAU,GEAR.AX,GRNV.AX,IOZ.AX,IXUS,MVE.AX,MVW.AX,QOZ.AX,VAS.AX",17138131.0,22842224.774603177,0.0479763783756718,51.75378495677592,0.352990558353158,0.6500895113012775
AOV.AX,Amotiv Limited,11,"A200.AX,EX20.AX,FAIR.AX,GRNV.AX,ISO.AX,IXUS,QOZ.AX,VAS.AX,VHY.AX,VPL,VSO.AX",5350875.0,2337029.5700000003,0.03997666431270948,73.8830201253761,0.5145573814006066,0.6494352009887046
MYS.AX,MyState Limited,5,"ISO.AX,MVS.AX,QOZ.AX,VAS.AX,VPL",4233136.0,675428.8436507935,0.02483957892506492,142.01741224224793,0.8624179338738435,0.6428601330261363
SUL.AX,Super Retail Group Limited,16,"A200.AX,AUMF.AX,EX20.AX,GEAR.AX,GRNV.AX,IHD.AX,IOZ.AX,ISO.AX,IXUS,MVS.AX,QOZ.AX,VAS.AX",7260151.0,6950552.153650795,0.032149242892220355,63.20085265901922,0.4656942025746938,0.6415741094356685
CWY.AX,Cleanaway Waste Management Limited,16,"A200.AX,EX20.AX,FLAU,GEAR.AX,GRNV.AX,IOZ.AX,IXUS,MVE.AX,MVOL.AX,MVW.AX,QOZ.AX,VAS.AX",104454253.0,24224436.622698408,0.046606192167399335,49.6142102609154,0.3624153151269328,0.6406482443818697
CAR.AX,CAR Group Limited,20,"A200.AX,ACWX,EPP,EWA,EX20.AX,FAIR.AX,FLAU,GEAR.AX,GRNV.AX,IOZ.AX,IVE.AX,IXP",17704013.0,50083327.75904761,0.04672986386985318,44.70746875028584,0.2958186289158916,0.6390180586133345
APE.AX,Eagers Automotive Limited,16,"A200.AX,AUMF.AX,EX20.AX,FAIR.AX,GEAR.AX,GRNV.AX,IHD.AX,IOZ.AX,IXUS,MVE.AX,QOZ.AX,VAS.AX",7696270.0,12581945.476825397,0.027256667535824747,69.2794862140305,0.4722579511093181,0.6362271017876945
BGA.AX,Bega Cheese Limited,13,"A200.AX,AUMF.AX,EX20.AX,FAIR.AX,GEAR.AX,IOZ.AX,ISO.AX,IXUS,MVS.AX,QOZ.AX,VAS.AX,VPL",10493517.0,4314935.531111111,0.0343404686437314,67.3983404239276,0.48933848398935104,0.63575945050926
BKY.AX,Berkeley Energia Limited,1,URNJ,12289834.0,47044.113095238084,0.027537581912783465,613.1953272122001,5.03929341384787,0.6353390703872678
HLI.AX,Helia Group Limited,15,"A200.AX,AUMF.AX,EX20.AX,GEAR.AX,GRNV.AX,IHD.AX,IOZ.AX,ISO.AX,QFN.AX,QOZ.AX,VAS.AX,VHY.AX",10521515.0,4375812.980317459,0.038372222967313255,61.418392402605875,0.42785049602657627,0.6332958300622697
AMP.AX,AMP Limited,17,"A200.AX,AUMF.AX,EX20.AX,FLAU,GEAR.AX,HVST.AX,IOZ.AX,IXUS,MVE.AX,QFN.AX,QOZ.AX,VAS.AX",104975570.0,15686741.55714286,0.04245133366943286,49.29122048122083,0.35448936448551494,0.6318180244208565
NEC.AX,Nine Entertainment Co. Holdings Limited,16,"A200.AX,AUMF.AX,EX20.AX,FAIR.AX,GEAR.AX,GRNV.AX,IHD.AX,IOZ.AX,ISO.AX,IXUS,QOZ.AX,VAS.AX",59171721.0,4951718.632301586,0.03731437403076676,56.54027794952859,0.41251659644541055,0.6313311566018276
PRN.AX,Perenti Limited,14,"A200.AX,AUMF.AX,EX20.AX,GEAR.AX,GRNV.AX,IOZ.AX,ISO.AX,MVS.AX,PICK,QOZ.AX,QRE.AX,VAS.AX",32863733.0,5605166.55015873,0.03509687409731396,60.3872412832995,0.4498933909274401,0.6227838386900155
PMV.AX,Premier Investments Limited,14,"A200.AX,AUMF.AX,EX20.AX,GEAR.AX,GRNV.AX,IHD.AX,IOZ.AX,ISO.AX,IXUS,QOZ.AX,VAS.AX,VHY.AX",4229866.0,3936197.7758730156,0.02651851172194556,67.73854629679386,0.5050420050210952,0.617524486905123
LOT.AX,Lotus Resources Limited,6,"ISO.AX,URA,URNJ,URNM,URNM.AX,VAS.AX",56099321.0,4999322.954841271,0.2854070330028134,55.37530991817601,0.2573530453461268,0.6119795217056715
MFG.AX,Magellan Financial Group Limited,19,"A200.AX,AUMF.AX,EX20.AX,FLAU,GEAR.AX,GRNV.AX,IHD.AX,IOZ.AX,ISO.AX,IXUS,QFN.AX,QOZ.AX",7175713.0,7247966.359047617,0.0387746665515932,46.35338623405385,0.30840366965263727,0.6119278942424206
SVL.AX,Silver Mines Limited,2,"SIL,SILJ",137649524.0,1413916.486825397,0.062599265087089,78.54820673360604,0.465884942261156,0.6115514117528781
PNR.AX,Pantoro Gold Limited,15,"A200.AX,AUMF.AX,EX20.AX,GDX.AX,GDXJ,GEAR.AX,GOEX,IOZ.AX,ISO.AX,MVS.AX,QRE.AX,SGDJ",21039866.0,7974969.988095238,0.053873366057002686,41.903193446930054,0.2734283960572927,0.6086280092600724
IGO.AX,IGO Limited,18,"A200.AX,EX20.AX,FLAU,GEAR.AX,GRNV.AX,IOZ.AX,IXUS,LIT,MVE.AX,MVR.AX,PICK,QOZ.AX",32952757.0,32982006.193809524,0.0435153276496194,41.84679597192498,0.3042825690253963,0.6062805453778288
HUB.AX,HUB24 Limited,15,"A200.AX,EX20.AX,FINX,FLAU,GEAR.AX,GRNV.AX,IOZ.AX,IXUS,MVE.AX,QOZ.AX,VAS.AX,VEU",3150153.0,24811912.33984126,0.03853368940485742,52.831615490771085,0.33202800784290176,0.598739332206186
IMD.AX,Imdex Limited,11,"A200.AX,AUMF.AX,EX20.AX,GEAR.AX,IOZ.AX,ISO.AX,PICK,QOZ.AX,VAS.AX,VPL,VSO.AX",16767773.0,5389445.796507936,0.032759677521303376,62.3927644690396,0.43847546921690467,0.5973730968097113
NEU.AX,Neuren Pharmaceuticals Limited,10,"A200.AX,EX20.AX,FAIR.AX,GEAR.AX,IOZ.AX,ISO.AX,IXUS,VAS.AX,VPL,VSO.AX",4323711.0,4486041.27015873,0.03410566800201279,61.4626348756504,0.4566788943688564,0.5948536529047519
ALK.AX,Alkane Resources Limited,11,"AUMF.AX,GDX.AX,GDXJ,GEAR.AX,IOZ.AX,ISO.AX,MVS.AX,SGDJ,VAS.AX,VPL,VSO.AX",61709386.0,9758027.916349208,0.045168473323750895,50.04039058977213,0.3378785915509916,0.5924114097265332
PWH.AX,PWR Holdings Limited,6,"AUMF.AX,ISO.AX,MVS.AX,VAS.AX,VPL,VSO.AX",2398550.0,1184734.0857142855,0.023848580067495576,90.06830016931394,0.5849017260487824,0.5897660650697575
SGLLV.AX,Ricegrowers Limited,3,"ISO.AX,MVS.AX,VAS.AX",1466412.0,724345.2820634921,0.021518728470642866,131.20544205165962,0.7584549591519455,0.5871692322456034
TWE.AX,Treasury Wine Estates Limited,15,"A200.AX,EX20.AX,FLAU,GEAR.AX,IOZ.AX,IXUS,MOO,MVE.AX,QOZ.AX,VAS.AX,VEU,VEU.AX",39354461.0,21852869.78603175,0.04873996154717573,37.97322100964667,0.27461563191547445,0.5849737093747556
WHC.AX,Whitehaven Coal Limited,17,"A200.AX,EX20.AX,FLAU,GEAR.AX,IOZ.AX,IXUS,MVE.AX,MVOL.AX,MVR.AX,MVW.AX,QOZ.AX,QRE.AX",38769746.0,45022665.66301588,0.047087952566017735,36.96883412615646,0.2592574130934624,0.5795623468775583
.AX,,11,"BANK.AX,FLOT.AX,GDX.AX,GRNV.AX,MONY.AX,MVA.AX,MVE.AX,MVR.AX,MVS.AX,MVW.AX,PLUS.AX",1594433932.0,,,,,0.5712468193384224
XRO.AX,Xero Limited,20,"A200.AX,ACWX,EPP,EWA,EX20.AX,FAIR.AX,FINX,FLAU,GEAR.AX,GRNV.AX,IOZ.AX,IVE.AX",7251845.0,73180499.03682539,0.041817261699066174,38.30769557779636,0.21463459148647565,0.5700036757471338
SSM.AX,Service Stream Limited,8,"AUMF.AX,GRNV.AX,ISO.AX,MVS.AX,QOZ.AX,VAS.AX,VPL,VSO.AX",16250573.0,2608162.27936508,0.026278186105620327,67.98697186444683,0.4701608723033899,0.5667394706600715
DGT.AX,Digico Infrastructure REIT,7,"ISO.AX,REET,VAP.AX,VAS.AX,VNQI,VPL,VSO.AX",26489020.0,6324755.090952382,0.04785694990519496,49.70826800368378,0.3065715695952115,0.566320226662895
NIC.AX,Nickel Industries Limited,14,"A200.AX,EX20.AX,FAIR.AX,GEAR.AX,IOZ.AX,ISO.AX,IXUS,PICK,QOZ.AX,QRE.AX,VAS.AX,VHY.AX",108560399.0,10242120.612936508,0.025002764231330833,52.72308047663677,0.38609772136026216,0.5599838912835333
EVT.AX,EVT Limited,8,"GEAR.AX,IOZ.AX,ISO.AX,MVS.AX,QOZ.AX,VAS.AX,VPL,VSO.AX",3060855.0,2390510.032698413,0.01883343172356965,79.67145798614025,0.5328766308152134,0.5595206451025437
SGM.AX,Sims Limited,20,"A200.AX,AUMF.AX,EX20.AX,FAIR.AX,FLAU,GEAR.AX,GRNV.AX,IOZ.AX,ISO.AX,IXUS,MVOL.AX,PICK",6975829.0,24757708.24142857,0.03610061078838522,32.133223820751574,0.26959616209284015,0.5578962096589959
AUB.AX,AUB Group Limited,14,"A200.AX,EX20.AX,GEAR.AX,GRNV.AX,IOZ.AX,ISO.AX,IXUS,MVOL.AX,MVS.AX,QFN.AX,QOZ.AX,VAS.AX",4484951.0,13144979.224920632,0.034330474981330426,43.79042128409291,0.32231804512794043,0.5557216249411934
SRG.AX,SRG Global Limited,12,"A200.AX,AUMF.AX,EX20.AX,GEAR.AX,IOZ.AX,ISO.AX,IXUS,MVS.AX,QOZ.AX,VAS.AX,VPL,VSO.AX",20919891.0,7227900.237460317,0.03338677096386663,44.87676171473762,0.35365875295475113,0.5554927062459654
PDI.AX,Predictive Discovery Limited,14,"A200.AX,EX20.AX,GDX.AX,GDXJ,GEAR.AX,IOZ.AX,ISO.AX,IXUS,MVOL.AX,QRE.AX,SGDJ,VAS.AX",172409347.0,23857148.748412695,0.06358071565730378,31.644300262663688,0.2160452558698855,0.5553198689020696
DTL.AX,Data#3 Limited,11,"A200.AX,AUMF.AX,EX20.AX,GEAR.AX,GRNV.AX,IOZ.AX,ISO.AX,QOZ.AX,VAS.AX,VPL,VSO.AX",4942096.0,4209850.94873016,0.03186848597332614,47.21092660026702,0.3736357747002004,0.5526832159486386
IRE.AX,Iress Limited,15,"A200.AX,AUMF.AX,EX20.AX,FAIR.AX,FINX,GEAR.AX,GRNV.AX,IOZ.AX,ISO.AX,IXUS,MVS.AX,QOZ.AX",7257111.0,5905419.523333333,0.0388518198707607,39.83629207393544,0.27166857855777593,0.5526579145186937
HVN.AX,Harvey Norman Holdings Limited,18,"A200.AX,AUMF.AX,EX20.AX,FLAU,GEAR.AX,IHD.AX,IOZ.AX,ISO.AX,IXUS,MVOL.AX,QOZ.AX,VAS.AX",25885719.0,12378410.005555553,0.020774944433696114,48.579656194912786,0.3332877380819781,0.5471128377977881
GNC.AX,GrainCorp Limited,15,"A200.AX,AUMF.AX,EX20.AX,GEAR.AX,IHD.AX,IOZ.AX,ISO.AX,IXUS,QOZ.AX,VAS.AX,VEGI,VHY.AX",9990881.0,7632138.889365079,0.0450561814859965,36.48582024516017,0.23713865821845181,0.5457550153010224
CIA.AX,Champion Iron Limited,15,"A200.AX,EX20.AX,GEAR.AX,GRNV.AX,IOZ.AX,ISO.AX,IXUS,MVS.AX,PICK,QOZ.AX,QRE.AX,VAS.AX",16511391.0,8638627.43698413,0.029482156498475316,45.428040971258284,0.290793032547429,0.5453623900809697
AN3PL.AX,Australia and New Zealand Banking Group Ltd,2,"BANK.AX,BHYB.AX",421507.0,1223107.215079365,0.00023567185808789473,180.179596472801,1.7931254700666412,0.542900435485703
ELD.AX,Elders Limited,14,"A200.AX,EX20.AX,GEAR.AX,IHD.AX,IOZ.AX,ISO.AX,IXUS,QOZ.AX,VAS.AX,VEGI,VHY.AX,VPL",8734204.0,7337803.4580952395,0.04727863746499438,36.36189283443428,0.23260435270521354,0.5392386703542351
WBCPL.AX,Westpac Banking Corporation,2,"BANK.AX,BHYB.AX",375812.0,1110696.6111904765,0.00011002462552948211,175.81756560069866,1.7462780103218942,0.5388426994905533
CBAPK.AX,Commonwealth Bank of Australia,2,"BANK.AX,BHYB.AX",435537.0,1335889.7244444445,0.000260490557509009,168.00429457844675,1.6809122854444907,0.5361217154073972
BPT.AX,Beach Energy Limited,19,"A200.AX,AUMF.AX,EX20.AX,FLAU,GEAR.AX,IOZ.AX,ISO.AX,IXUS,MVR.AX,QOZ.AX,QRE.AX,VAS.AX",77990966.0,12589526.593650794,0.03421012131010361,36.183183220140975,0.22595277805817562,0.5354207612465622
LLC.AX,Lendlease Group,15,"A200.AX,EX20.AX,FLAU,GEAR.AX,GRNV.AX,IOZ.AX,ISO.AX,IXUS,QOZ.AX,VAS.AX,VEU,VEU.AX",27555399.0,10916511.93825397,0.0398838479926486,37.861436288026944,0.23405969187453377,0.5289305680808088
SLC.AX,Superloop Limited,14,"AUMF.AX,FAIR.AX,GEAR.AX,GLIN.AX,GRNV.AX,IFRA.AX,IOZ.AX,ISO.AX,MVS.AX,QOZ.AX,VAS.AX,VBLD.AX",16769815.0,7253396.261904764,0.03258084888084124,39.96151437257359,0.2725454226281375,0.5273101683198886
ASL.AX,Andean Silver Limited,2,"GDXJ,SIL",9368787.0,2213448.9255555556,0.06652517526363215,44.37695525304086,0.34276827456513626,0.5248159352336924
MMS.AX,McMillan Shakespeare Limited,11,"AUMF.AX,GRNV.AX,IHD.AX,ISO.AX,IXUS,MVS.AX,QOZ.AX,VAS.AX,VHY.AX,VPL,VSO.AX",2265537.0,4625989.0755555555,0.03253070975303625,41.92929047409716,0.31290915380843903,0.5242133220852794
PME.AX,Pro Medicus Limited,16,"A200.AX,ACWX,EPP,EWA,EX20.AX,FAIR.AX,FLAU,GEAR.AX,IOZ.AX,IVE.AX,IXUS,MVW.AX",2646832.0,47200204.7531746,0.02533581829593576,39.34772280489218,0.27506154863988647,0.52245709616311
AN3PI.AX,Australia & New Zealand Banking Group Ltd Capital Notes 2021- Floating Rate Man.Conv without fixed Maturity,2,"BANK.AX,BHYB.AX",373440.0,1410394.9145317464,0.0003997620709152482,135.62492433806614,1.3496864379416598,0.5218867684757176
KLS.AX,Kelsian Group Limited,9,"AUMF.AX,FAIR.AX,IHD.AX,ISO.AX,MVS.AX,QOZ.AX,VAS.AX,VPL,VSO.AX",6425017.0,2360787.8890476194,0.023651237722963535,55.45346836466602,0.4027711643072178,0.5216942824455919
COH.AX,Cochlear Limited,21,"A200.AX,ACWX,AUMF.AX,EPP,EWA,EX20.AX,FAIR.AX,FLAU,GEAR.AX,GRNV.AX,IOZ.AX,IVE.AX",3088330.0,74073492.09968254,0.04722295324923621,23.109064998845167,0.1414087145930945,0.5189854193505001
FBU.AX,Fletcher Building Limited,7,"A200.AX,EX20.AX,FAIR.AX,GEAR.AX,QOZ.AX,VAS.AX,VPL",13522647.0,2275570.8646031744,0.012630945604283446,74.45251382733503,0.5117534354886647,0.5182738567113249
AN3PJ.AX,ANZ Group Holdings Limited,2,"BANK.AX,BHYB.AX",319510.0,1214076.6095238093,0.0001063246520973674,134.76867393408972,1.3472095257411856,0.5164886282409459
GWA.AX,GWA Group Limited,4,"ISO.AX,MVS.AX,VAS.AX,VPL",6870374.0,1053531.6109523808,0.025905888162111333,68.41422836061997,0.4445780153599086,0.5154424454781368
ASN.AX,Anson Resources Limited,1,URA,72823731.0,316645.6246984126,0.044966150573031896,69.51504060489432,0.41263497568431057,0.5151208803347472
BRG.AX,Breville Group Limited,11,"A200.AX,EX20.AX,FAIR.AX,GEAR.AX,IOZ.AX,ISO.AX,IXUS,QOZ.AX,VAS.AX,VPL,VSO.AX",3607606.0,11039926.473650793,0.02490777300589481,47.12188839535955,0.3455412555094481,0.514885277322352
CNU.AX,Chorus Limited,8,"A200.AX,EX20.AX,FAIR.AX,GEAR.AX,QOZ.AX,VAS.AX,VBLD.AX,VPL",11119267.0,8051425.451269844,0.025627086007463707,56.23656327890217,0.32739272665024255,0.5132310447402328
RWC.AX,Reliance Worldwide Corporation Limited,12,"A200.AX,AUMF.AX,EX20.AX,GEAR.AX,GRNV.AX,IOZ.AX,ISO.AX,IXUS,QOZ.AX,VAS.AX,VPL,VSO.AX",26321415.0,11442610.767936505,0.03518723231934061,36.697612675272765,0.27277607146751087,0.5120957493653453
MSB.AX,Mesoblast Limited,10,"A200.AX,EX20.AX,FAIR.AX,GEAR.AX,IOZ.AX,ISO.AX,IXUS,VAS.AX,VPL,VSO.AX",32530451.0,7164964.810793649,0.025162289932760717,47.450222064071674,0.332508840826253,0.5069603885273641
IPH.AX,IPH Limited,11,"AUMF.AX,FAIR.AX,GRNV.AX,IHD.AX,ISO.AX,IXUS,MVS.AX,QOZ.AX,VAS.AX,VPL,VSO.AX",8609815.0,4311303.35936508,0.03359362062959063,37.10902104294934,0.2749739054473573,0.5038552478845914
REA.AX,REA Group Limited,22,"A200.AX,ACWX,EPP,EWA,EX20.AX,FAIR.AX,FLAU,GEAR.AX,GRNV.AX,HVST.AX,IOZ.AX,IVE.AX",2460332.0,49078231.91476189,0.018801280258301595,39.62457496503472,0.23340283376604293,0.5029628253269014
CKF.AX,Collins Foods Limited,9,"A200.AX,AUMF.AX,EX20.AX,ISO.AX,IXUS,QOZ.AX,VAS.AX,VPL,VSO.AX",3205168.0,3025851.4839682537,0.027131187388374958,45.06859870620631,0.29836805783828874,0.49584310749179383
JDO.AX,Judo Capital Holdings Limited,12,"A200.AX,EX20.AX,GEAR.AX,GRNV.AX,IOZ.AX,ISO.AX,MVS.AX,QFN.AX,QOZ.AX,VAS.AX,VPL,VSO.AX",37068343.0,7413209.615714287,0.03305882343106943,35.80007554467715,0.26413253544073756,0.4952019079201923
BC8.AX,Black Cat Syndicate Limited,4,"GDXJ,ISO.AX,MVS.AX,VAS.AX",32747273.0,4020090.277142857,0.04492851886371609,44.55825918642009,0.28241822172162867,0.4947812280842917
NHC.AX,New Hope Corporation Limited,17,"A200.AX,EX20.AX,FLAU,GEAR.AX,IOZ.AX,ISO.AX,IXUS,MVOL.AX,QOZ.AX,QRE.AX,VAS.AX,VEU",23897623.0,20773291.2984127,0.02832233488091615,32.15966889433135,0.22331920204015182,0.4877501349548999
PXA.AX,PEXA Group Limited,11,"A200.AX,EX20.AX,FAIR.AX,GEAR.AX,IOZ.AX,ISO.AX,IXUS,QOZ.AX,VAS.AX,VPL,VSO.AX",4785894.0,7146072.228095237,0.027202440123665586,41.89838293600613,0.2569404624714824,0.48635694621693853
NAN.AX,Nanosonics Limited,7,"AUMF.AX,FAIR.AX,ISO.AX,IXUS,VAS.AX,VPL,VSO.AX",7935839.0,2779045.3263492063,0.026549181352146258,49.07027227600766,0.2747424854023865,0.48539925572811826
FLT.AX,Flight Centre Travel Group Limited,15,"A200.AX,EX20.AX,FAIR.AX,FLAU,GEAR.AX,IOZ.AX,ISO.AX,IXUS,QOZ.AX,VAS.AX,VEU,VEU.AX",8504932.0,17639829.86031746,0.04125478470718948,26.47158993677191,0.18692929685514198,0.48148317986029593
ARB.AX,ARB Corporation Limited,12,"A200.AX,AUMF.AX,EX20.AX,FAIR.AX,GEAR.AX,IOZ.AX,ISO.AX,IXUS,QOZ.AX,VAS.AX,VPL,VSO.AX",2766022.0,7839840.095555556,0.033062627958570734,34.020711747971426,0.23754702837179525,0.4809706133161412
TAH.AX,Tabcorp Holdings Limited,11,"A200.AX,AUMF.AX,EX20.AX,GEAR.AX,IOZ.AX,ISO.AX,IXUS,QOZ.AX,VAS.AX,VPL,VSO.AX",77014028.0,8852676.884444444,0.03359179262361622,36.088249862903396,0.24231472669285853,0.47879114953471297
SIQ.AX,Smartgroup Corporation Ltd,12,"A200.AX,AUMF.AX,EX20.AX,FAIR.AX,GRNV.AX,IHD.AX,ISO.AX,IXUS,QOZ.AX,VAS.AX,VPL,VSO.AX",4374188.0,6662469.04920635,0.031662222293897424,32.921773380888865,0.26106700503803676,0.47763786435522837
HSN.AX,Hansen Technologies Limited,6,"AUMF.AX,ISO.AX,QOZ.AX,VAS.AX,VPL,VSO.AX",4242322.0,1726845.9671428571,0.02082951391622177,58.82546192066449,0.32555064489333846,0.47331159863830075
LNW.AX,"Light & Wonder, Inc.",10,"A200.AX,EX20.AX,FLAU,GEAR.AX,QOZ.AX,RXI,VAS.AX,VEU,VEU.AX,VPL",2363436.0,34315372.9552381,0.030045552206243362,40.64225013062331,0.234013936326018,0.47163142337787445
DMP.AX,Domino's Pizza Enterprises Limited,14,"A200.AX,EX20.AX,FLAU,GEAR.AX,IOZ.AX,ISO.AX,IXUS,QOZ.AX,VAS.AX,VEU,VEU.AX,VHY.AX",2804878.0,7050725.589682538,0.02960391322669937,32.99333629408419,0.22780266017123696,0.4704543841286235
PNI.AX,Pinnacle Investment Management Group Limited,12,"A200.AX,EX20.AX,GEAR.AX,IOZ.AX,ISO.AX,IXUS,MVS.AX,QFN.AX,VAS.AX,VHY.AX,VPL,VSO.AX",6704279.0,14950060.973015875,0.0285338241672439,34.513575377758436,0.2510908993683241,0.4702218131057671
AIA.AX,Auckland International Airport Limited,4,"A200.AX,EX20.AX,GEAR.AX,VAS.AX",9432712.0,4061536.3013492054,0.00556459635888607,78.75880876499218,0.47769165995257923,0.46705640905712575
AEF.AX,Australian Ethical Investment Ltd.,3,"ISO.AX,VAS.AX,VPL",2288826.0,668435.7444444443,0.020107391832769425,75.07516209027074,0.3524585587119365,0.46390682711481335
IPX.AX,IperionX Limited,11,"A200.AX,EX20.AX,GEAR.AX,IOZ.AX,ISO.AX,IXUS,PICK,QRE.AX,VAS.AX,VPL,VSO.AX",10306371.0,7348552.512063493,0.030367869073791704,32.22204387292208,0.24459963894400802,0.4612417152802626
CXU.AX,Cauldron Energy Limited,2,"URNJ,URNM.AX",64820812.0,589728.5213174603,0.03182206332756737,34.05046638713937,0.6022584854827214,0.46093124652157613
CTD.AX,Corporate Travel Management Limited,8,"GRNV.AX,IOZ.AX,ISO.AX,IXUS,MVS.AX,VAS.AX,VPL,VSO.AX",3478643.0,5001894.676349207,0.023773280474684605,53.315106988798924,0.23146836781701452,0.4584187378570561
FPR.AX,FleetPartners Group Limited,3,"ISO.AX,VAS.AX,VPL",4121814.0,802212.4847619047,0.019117226880080003,69.05721790936052,0.3734383725435733,0.45243669219783084
VEA.AX,Viva Energy Group Limited,13,"A200.AX,EX20.AX,GEAR.AX,IOZ.AX,ISO.AX,IXUS,QOZ.AX,QRE.AX,VAS.AX,VHY.AX,VPL,VSO.AX",48495950.0,18646698.24095238,0.029577755184785025,31.01232058818278,0.19926921324105062,0.4509060184169875
CDA.AX,Codan Limited,11,"A200.AX,AUMF.AX,EX20.AX,GEAR.AX,GRNV.AX,IOZ.AX,ISO.AX,IXUS,VAS.AX,VPL,VSO.AX",3807566.0,20295709.10476191,0.020935033957314313,36.8877593858573,0.27215528146197937,0.4445231855612727
FPH.AX,Fisher & Paykel Healthcare Corporation Limited,6,"A200.AX,EX20.AX,FAIR.AX,GEAR.AX,HVST.AX,VAS.AX",5212175.0,14113964.19238095,0.0088749745357094,55.61849351566196,0.367464604228524,0.443724092520652
ABB.AX,Aussie Broadband Limited,9,"FAIR.AX,GEAR.AX,GRNV.AX,IOZ.AX,ISO.AX,QOZ.AX,VAS.AX,VPL,VSO.AX",7954568.0,5623393.465555555,0.02521857176824919,37.25012495430309,0.24330737175585856,0.4403386845230358
NXG.AX,NexGen Energy Ltd.,6,"A200.AX,EX20.AX,GEAR.AX,QRE.AX,URNJ,VAS.AX",7783001.0,11396357.62809524,0.01175840795305246,54.83981660809119,0.34046973536546743,0.4355684449264402
WTC.AX,WiseTech Global Limited,17,"A200.AX,ACWX,EPP,EWA,EX20.AX,FLAU,GEAR.AX,IOZ.AX,IVE.AX,IXN,IXUS,MVW.AX",9114555.0,68128556.41825397,0.027117854053206738,26.231828691100755,0.14828117863794252,0.4349265204653857
DDR.AX,Dicker Data Limited,9,"AUMF.AX,IHD.AX,ISO.AX,MVS.AX,QOZ.AX,VAS.AX,VHY.AX,VPL,VSO.AX",4065377.0,5561752.345873016,0.02241345592834007,37.07267333173242,0.26238882067542607,0.43363666332492634
NWL.AX,Netwealth Group Limited,13,"A200.AX,EX20.AX,FLAU,GEAR.AX,IOZ.AX,ISO.AX,IXUS,QFN.AX,VAS.AX,VEU,VEU.AX,VPL",4696792.0,13912701.913174603,0.019139588848029104,37.68486871079134,0.23009833756873893,0.428137407981557
MEK.AX,Meeka Metals Limited,3,"GDXJ,ISO.AX,VAS.AX",126379771.0,2287111.5407936512,0.042900396358753604,38.83490809886235,0.19723658072311484,0.4241512408797058
RMD.AX,ResMed Inc.,7,"A200.AX,EX20.AX,FAIR.AX,GEAR.AX,HVST.AX,QOZ.AX,VAS.AX",15212092.0,44964728.78571429,0.010487019999171706,49.09583354939128,0.2984837795213151,0.4227709677201708
RDX.AX,Redox Limited,6,"AUMF.AX,ISO.AX,VAS.AX,VHY.AX,VPL,VSO.AX",6049755.0,1977527.252222222,0.011521556013263807,51.11511985455492,0.3120071094792237,0.42270312085540973
TLX.AX,Telix Pharmaceuticals Limited,14,"A200.AX,EX20.AX,FAIR.AX,FLAU,GEAR.AX,GRNV.AX,IOZ.AX,IXUS,MVE.AX,VAS.AX,VEU,VEU.AX",11422466.0,36225903.21412699,0.03371676456430715,22.26251520166933,0.14448572282380456,0.4215862404606639
MP1.AX,Megaport Limited,11,"A200.AX,EX20.AX,FAIR.AX,GEAR.AX,GRNV.AX,IOZ.AX,ISO.AX,IXUS,VAS.AX,VPL,VSO.AX",6927771.0,24467931.301587302,0.039151331351880536,16.842020642205764,0.1888821190032967,0.4211300271013862
TYR.AX,Tyro Payments Limited,4,"FAIR.AX,ISO.AX,VAS.AX,VPL",11675843.0,988293.0788095238,0.02198727234423227,46.98146168505624,0.28958455282107565,0.4206974144698753
WEB.AX,Web Travel Group Limited,13,"A200.AX,EX20.AX,FAIR.AX,GEAR.AX,GRNV.AX,IOZ.AX,ISO.AX,IXUS,MVS.AX,QOZ.AX,VAS.AX,VPL",14015374.0,9257094.757777778,0.03872633074489168,20.195921087467983,0.13525847465841342,0.4148520662332608
ING.AX,Inghams Group Limited,10,"AUMF.AX,IHD.AX,ISO.AX,IXUS,MVS.AX,QOZ.AX,VAS.AX,VEGI,VPL,VSO.AX",12243066.0,4852860.505714285,0.03293983937628076,24.66998683906001,0.1805734129107079,0.4139849102550613
BVS.AX,Bravura Solutions Limited,6,"AUMF.AX,ISO.AX,MVS.AX,VAS.AX,VPL,VSO.AX",8980205.0,2420279.965873015,0.020031687493222112,39.651122035117076,0.27109197947382924,0.4137165687257375
NCK.AX,Nick Scali Limited,11,"A200.AX,AUMF.AX,EX20.AX,GEAR.AX,IOZ.AX,ISO.AX,MVS.AX,QOZ.AX,VAS.AX,VPL,VSO.AX",2721128.0,8467698.620793652,0.031814635350754336,24.334816608066443,0.17269548024796727,0.4110952569423638
KAR.AX,Karoon Energy Ltd,12,"A200.AX,AUMF.AX,EX20.AX,GEAR.AX,IOZ.AX,ISO.AX,QOZ.AX,QRE.AX,VAS.AX,VHY.AX,VPL,VSO.AX",29647339.0,16129669.642698413,0.04173113027615397,17.98418381526176,0.11689581017668829,0.40835320924452634
JIN.AX,Jumbo Interactive Limited,5,"IHD.AX,ISO.AX,MVS.AX,VAS.AX,VPL",1549112.0,1539231.4493650799,0.024461132933838208,38.200332237877305,0.25224565438167157,0.4050698642878694
IDX.AX,Integral Diagnostics Limited,5,"ISO.AX,MVS.AX,QOZ.AX,VAS.AX,VPL",9051899.0,2446121.169365079,0.024263497525829136,39.490394646315906,0.23441511783899316,0.4023634895152268
JHX.AX,James Hardie Industries plc,10,"A200.AX,EX20.AX,FLAU,GEAR.AX,IOZ.AX,QOZ.AX,VAS.AX,VEU,VEU.AX,VPL",13510982.0,65827809.010000005,0.023282168825114063,30.870891475579025,0.20724590808760496,0.40132776885884947
SBM.AX,St Barbara Limited,5,"GDXJ,ISO.AX,QOZ.AX,VAS.AX,VPL",49091376.0,5233142.431666666,0.04057823109595325,29.012401127165575,0.17103081173995996,0.3986728124467311
DEV.AX,DevEx Resources Limited,1,URNJ,13133287.0,402242.3176190476,0.02880836070622365,38.04275212115989,0.3664391623652537,0.39074816760492453
DTR.AX,Dateline Resources Limited,4,"GDX.AX,GDXJ,ISO.AX,VAS.AX",122823013.0,4196621.465873016,0.03208317018737094,40.77919120804233,0.16168711103852082,0.3906752813644472
SNL.AX,Supply Network Limited,4,"ISO.AX,VAS.AX,VPL,VSO.AX",568911.0,1742392.2112698415,0.013002551105339303,51.382798728325156,0.27923062690909295,0.3904287492495303
MKR.AX,Manuka Resources Limited,1,SILJ,63130948.0,1120296.9115238094,0.0651744942677658,27.561354014100672,0.18250781150011294,0.38954837797899594
A2M.AX,The a2 Milk Company Limited,9,"A200.AX,EX20.AX,FAIR.AX,GEAR.AX,QOZ.AX,VAS.AX,VEU,VEU.AX,VPL",21626671.0,24313178.90634921,0.02981236572327288,29.632459123186997,0.1424010375652975,0.38943436820224464
ASB.AX,Austal Limited,10,"A200.AX,EX20.AX,GEAR.AX,IOZ.AX,ISO.AX,IXUS,QOZ.AX,VAS.AX,VPL,VSO.AX",10317895.0,8052226.4336507935,0.024552633173703122,27.556073377833187,0.18186730451215463,0.38774841473646726
IEL.AX,IDP Education Limited,13,"A200.AX,EX20.AX,FAIR.AX,GEAR.AX,GRNV.AX,IOZ.AX,ISO.AX,IXUS,QOZ.AX,VAS.AX,VHY.AX,VPL",11009956.0,10358336.791269844,0.03955632049331763,14.812712076299762,0.07686932510634836,0.3823171317194952
EQT.AX,EQT Holdings Limited,4,"ISO.AX,QOZ.AX,VAS.AX,VPL",564587.0,1108452.8403174602,0.02107265493199564,45.62865828659159,0.2150816140241896,0.3814275878093445
LIC.AX,Lifestyle Communities Limited,4,"ISO.AX,VAS.AX,VNQI,VPL",2438215.0,1408079.4999999998,0.02002804270154176,42.298928865287834,0.2450261919563203,0.38079390896581755
AZY.AX,Antipa Minerals Limited,1,GDXJ,13563035.0,849407.2712698412,0.02046678362120468,50.730212246924594,0.35022061849540725,0.38011624187865917
L1G.AX,L1 Group Limited,5,"AUMF.AX,ISO.AX,VAS.AX,VPL,VSO.AX",17679144.0,3115977.6869047624,0.03181600927679364,30.961431692295402,0.16847510557800144,0.37578367519956346
ZIP.AX,Zip Co Limited,14,"A200.AX,EX20.AX,FINX,GEAR.AX,GRNV.AX,IOZ.AX,ISO.AX,IXUS,MVS.AX,QFN.AX,QOZ.AX,VAS.AX",43946235.0,46231096.16015874,0.035040533894831,10.356104543595107,0.08524628605925434,0.3754975181179149
LOV.AX,Lovisa Holdings Limited,9,"A200.AX,EX20.AX,GEAR.AX,IOZ.AX,ISO.AX,IXUS,VAS.AX,VPL,VSO.AX",2171996.0,7988560.787936508,0.01961373973153544,30.477079561814886,0.2121814998110265,0.37410372298204575
XPU6 INDEX.AX,,5,"A200.AX,BEAR.AX,EX20.AX,HVST.AX,QOZ.AX",82.0,,,,,0.36768447837150126
RIC.AX,Ridley Corporation Limited,4,"ISO.AX,QOZ.AX,VAS.AX,VPL",6369973.0,1940501.3977777779,0.016993252673790385,45.00625891443066,0.24282324299655453,0.3659837204326653
GDG.AX,Generation Development Group Limited,9,"A200.AX,EX20.AX,GEAR.AX,IOZ.AX,ISO.AX,QFN.AX,VAS.AX,VPL,VSO.AX",10848180.0,9896542.647142855,0.027126043518472365,21.62328838723035,0.14254453030464279,0.35831288448066884
GQG.AX,GQG Partners Inc.,13,"A200.AX,EX20.AX,FLAU,GEAR.AX,IHD.AX,IOZ.AX,ISO.AX,QFN.AX,VAS.AX,VEU,VEU.AX,VPL",27641724.0,7315681.382539682,0.009261895316171952,29.500002984848468,0.17554383461645254,0.3544498719148217
YAL.AX,Yancoal Australia Ltd,18,"A200.AX,AUMF.AX,EX20.AX,FLAU,GEAR.AX,IOZ.AX,ISO.AX,IXUS,MVOL.AX,QOZ.AX,QRE.AX,VAS.AX",16886445.0,29160230.733492065,0.012788503983107219,20.633634381931877,0.12453516829588267,0.35352121185457447
NUF.AX,Nufarm Limited,8,"AUMF.AX,ISO.AX,IXUS,QOZ.AX,VAS.AX,VEGI,VPL,VSO.AX",9707066.0,5562286.847619048,0.025268687810228608,22.153635517714182,0.15124345778668546,0.3506403757068578
ACL.AX,Australian Clinical Labs Limited,5,"IHD.AX,ISO.AX,QOZ.AX,VAS.AX,VPL",4356717.0,1429025.276349206,0.023358035694366744,30.605189983477604,0.17893402132220054,0.34818120914794876
AVZ.AX,AVZ Minerals Limited,4,"REMX,VAS.AX,VPL,VSO.AX",85510523.0,0.0,0.024232661693336186,,,0.34808954548260324
PFP.AX,Propel Funeral Partners Limited,2,"ISO.AX,VAS.AX",2370183.0,874433.9473015874,0.017178526199132054,47.96475320569074,0.24411956137708904,0.3474716887454054
CUV.AX,Clinuvel Pharmaceuticals Limited,3,"ISO.AX,VAS.AX,VPL",897918.0,940675.4317460319,0.01781201706679855,44.38559250220324,0.2250622386408507,0.3454234926857818
A4N.AX,Alpha HPA Limited,5,"FAIR.AX,ISO.AX,VAS.AX,VPL,VSO.AX",28416430.0,3109291.370952381,0.019571940407482512,30.856488845561724,0.19804499083861282,0.338124525023156
DRO.AX,DroneShield Limited,11,"A200.AX,ARMR.AX,EX20.AX,GEAR.AX,IOZ.AX,ISO.AX,IXUS,MVS.AX,VAS.AX,VPL,VSO.AX",30047616.0,48201777.004285716,0.032516398238500305,10.92940602056732,0.06585828972874826,0.33587009094407316
ELV.AX,Elevra Lithium Limited,8,"IOZ.AX,ISO.AX,IXUS,LIT,PICK,VAS.AX,VPL,VSO.AX",5523069.0,24970527.615555555,0.032617362529366485,12.504637290878259,0.08786532401664955,0.33220525200252105
REG.AX,Regis Healthcare Limited,6,"AUMF.AX,ISO.AX,MVS.AX,VAS.AX,VPL,VSO.AX",4809018.0,4909539.484444444,0.015904861962314415,30.502647706938234,0.19475542000241053,0.3298226031014451
AMI.AX,Aurelia Metals Limited,2,"GDXJ,VPL",32652361.0,1363664.3814285717,0.019282110357901776,34.57963895419098,0.2652619278944635,0.3297944230239611
AFG.AX,Australian Finance Group Limited,4,"ISO.AX,QOZ.AX,VAS.AX,VPL",4639085.0,1040306.6203174603,0.017070521783926994,39.193002781787655,0.18389863754467545,0.3287171954763106
TUA.AX,Tuas Limited,11,"A200.AX,EX20.AX,FAIR.AX,GEAR.AX,IOZ.AX,ISO.AX,IXUS,MVS.AX,VAS.AX,VPL,VSO.AX",10383241.0,8675365.729841268,0.022236566110259787,17.36276087929508,0.09953837143202454,0.3279554969733356
CBO.AX,Cobram Estate Olives Limited,2,"ISO.AX,VAS.AX",7639004.0,3351458.4246031735,0.015954771357202052,42.07646724222618,0.2346192851997503,0.3264908926840755
CCP.AX,Credit Corp Group Limited,6,"IHD.AX,ISO.AX,MVS.AX,QOZ.AX,VAS.AX,VPL",1803010.0,5337309.125396826,0.026488791717140754,19.274759976786726,0.12672198090572737,0.3241030580353745
TPG.AX,TPG Telecom Limited,18,"A200.AX,AUMF.AX,EX20.AX,FAIR.AX,FLAU,GEAR.AX,IOZ.AX,ISO.AX,IXUS,MVOL.AX,QOZ.AX,VAS.AX",21026465.0,29644462.194126986,0.010711232852651112,14.282712645536153,0.09382757542159952,0.3237401323726206
IFT.AX,Infratil Limited,4,"A200.AX,EX20.AX,GEAR.AX,VAS.AX",3561700.0,5362619.533650794,0.00356415041637599,38.6227259820995,0.25601762305581166,0.3214399326767285
MAQ.AX,Macquarie Technology Group Limited,5,"AUMF.AX,ISO.AX,VAS.AX,VPL,VSO.AX",338696.0,3614332.283968254,0.01314113144234324,33.91421603531757,0.19532407295065293,0.31996697821857745
ARU.AX,Arafura Rare Earths Limited,6,"ISO.AX,IXUS,PICK,VAS.AX,VPL,VSO.AX",97968120.0,12877901.053888889,0.03965110536382296,11.470943077165469,0.05792969522848252,0.31982253005489253
MI6.AX,Minerals 260 Limited,6,"IOZ.AX,ISO.AX,IXUS,PICK,VAS.AX,VSO.AX",49081846.0,8447356.150079366,0.0216828254655202,23.25163815489927,0.1473419515698546,0.31948468974926575
OML.AX,oOh!media Limited,4,"ISO.AX,QOZ.AX,VAS.AX,VPL",11420013.0,2428508.0823809523,0.021620131689548894,27.684129399227523,0.1714621036349112,0.31569482131725907
OCL.AX,Objective Corporation Limited,4,"AUMF.AX,ISO.AX,VAS.AX,VSO.AX",692477.0,968171.1708730159,0.007213828091631682,39.06023036430207,0.20796501407439466,0.315280282131436
SHV.AX,Select Harvests Limited,4,"ISO.AX,QOZ.AX,VAS.AX,VPL",2962000.0,1962744.9863492067,0.020843355227820232,28.937536226971165,0.1555896835080999,0.3042027724345061
RPL.AX,Regal Partners Limited,5,"IHD.AX,ISO.AX,MVS.AX,VAS.AX,VPL",6721630.0,3326940.052698412,0.018200132604236367,25.931592323273552,0.1703132813764196,0.30023527820615953
SMI.AX,Santana Minerals Limited,2,"ISO.AX,VAS.AX",14723801.0,1400628.3388888887,0.022942792268220286,33.09035888505546,0.14852636761087193,0.2971608756642288
SDR.AX,SiteMinder Limited,6,"GEAR.AX,IOZ.AX,ISO.AX,VAS.AX,VPL,VSO.AX",6923315.0,6724191.355238096,0.024557107729569823,17.011679551106702,0.09034038898642964,0.29503235627714397
4DX.AX,4DMedical Limited,9,"A200.AX,EX20.AX,GEAR.AX,IOZ.AX,ISO.AX,IXUS,VAS.AX,VPL,VSO.AX",15636963.0,40880235.36714286,0.026264675571449726,8.934324337247192,0.05273164179344447,0.29329414803993514
WA1.AX,WA1 Resources Ltd,5,"ISO.AX,PICK,VAS.AX,VPL,VSO.AX",1286330.0,3369391.723968254,0.017316292020255676,27.47410855459011,0.1427365722772003,0.28738456344564267
SMR.AX,Stanmore Resources Limited,7,"ISO.AX,PICK,QOZ.AX,VAS.AX,VHY.AX,VPL,VSO.AX",9835678.0,5377169.4087301595,0.010911658849400468,23.345534994831752,0.14848687993617773,0.2872623080513639
GLF.AX,GemLife Group Ltd,5,"ISO.AX,VAS.AX,VNQI,VPL,VSO.AX",5507963.0,4636465.850317461,0.014483644787769468,26.883830337040262,0.16234934994689643,0.28607703015467634
UNI.AX,Universal Store Holdings Limited,2,"ISO.AX,VAS.AX",1463478.0,1480369.751825397,0.019075372855050357,34.994035395326705,0.1688249216060485,0.2857710919550709
AMC.AX,Amcor plc,6,"A200.AX,EX20.AX,GEAR.AX,QOZ.AX,VAS.AX,ZYAU.AX",3372147.0,36460225.03571428,0.007293562057883362,25.712863871767105,0.16319908191627544,0.2851948118100551
MLX.AX,Metals X Limited,6,"AUMF.AX,ISO.AX,PICK,VAS.AX,VPL,VSO.AX",17268867.0,6531065.182380954,0.019482211026268726,19.754152188459024,0.1208070555069841,0.2850085431010068
MAH.AX,Macmahon Holdings Limited,6,"AUMF.AX,ISO.AX,PICK,QOZ.AX,VAS.AX,VSO.AX",26536912.0,4718938.693174602,0.012439440955919027,23.303934265338977,0.16118914481855776,0.2844807817587034
CAT.AX,Catapult Sports Ltd,5,"FAIR.AX,ISO.AX,VAS.AX,VPL,VSO.AX",6499937.0,5227676.038253968,0.02103706070031321,20.620106491620895,0.1241466332331705,0.2838728504309384
BAP.AX,Bapcor Limited,4,"ISO.AX,QOZ.AX,VAS.AX,VPL",12811104.0,2814562.756666666,0.03774338491804475,11.196040378778555,0.05378929875481164,0.2815090347154578
GYG.AX,Guzman y Gomez (Holdings) Ltd,8,"A200.AX,EX20.AX,GEAR.AX,IOZ.AX,ISO.AX,VAS.AX,VPL,VSO.AX",1765871.0,8857741.14888889,0.017594893145400546,18.738714943445736,0.11204005188006516,0.28109457917072533
MAF.AX,MA Financial Group Limited,4,"ISO.AX,VAS.AX,VPL,VSO.AX",2640685.0,2927061.5442857146,0.014851324968929162,30.592889660255448,0.16039950669716552,0.2806470853951559
COF.AX,Centuria Office REIT,5,"MVS.AX,QOZ.AX,REET,VNQI,VPL",6983705.0,1463647.1133333333,0.011691398657709132,22.20321498160004,0.18901639364293774,0.28001964478297897
ARD.AX,Argent Minerals Limited,1,SILJ,34104444.0,174579.88273015872,0.0249179997764248,27.52499508969034,0.18567996390657063,0.277014685256624
360.AX,"Life360, Inc.",6,"A200.AX,EX20.AX,FAIR.AX,GEAR.AX,MVE.AX,VAS.AX",4731739.0,28156087.316825397,0.019464561504474294,16.926112983862843,0.11333558796973743,0.274849593802619
NEM.AX,Newmont Corporation,5,"A200.AX,EX20.AX,GEAR.AX,QRE.AX,VAS.AX",2158677.0,58687441.35968175,0.002022079912858658,28.32120683799058,0.17112682593511122,0.26861159943567914
ELS.AX,Elsight Limited,5,"ISO.AX,IXUS,MVS.AX,VAS.AX,VSO.AX",5452853.0,14938149.669999998,0.02458454914337241,12.449845924477703,0.08420318415397815,0.26820253874129857
PNV.AX,PolyNovo Limited,3,"ISO.AX,VAS.AX,VPL",13885875.0,3133994.2924603173,0.02009989996139104,23.817817482659425,0.13728168804119203,0.2647234875725231
SXG.AX,Southern Cross Gold Ltd,1,VAS.AX,3132320.0,636315.9028571427,0.014132977187409761,83.66779904888035,1.2030781760484596e-06,0.2637384743273988
BVR.AX,Bellavista Resources Limited,4,"A200.AX,COPX,EX20.AX,QRE.AX",2563872.0,436756.8674603175,0.0254274837217301,14.815336721136955,0.08234993970877241,0.26206586858568326
VGN.AX,Virgin Australia Holdings Ltd.,4,"ISO.AX,VAS.AX,VPL,VSO.AX",13311444.0,5014316.89888889,0.016973863130230433,32.66958769471421,0.08182074653783791,0.2602963158497246
NWS.AX,News Corporation,5,"A200.AX,EX20.AX,GEAR.AX,QOZ.AX,VAS.AX",1035440.0,7942027.7271428555,0.0018915686754876371,27.24730338964375,0.16600204402932517,0.2591338092399874
AEL.AX,Amplitude Energy Ltd,3,"ISO.AX,VAS.AX,VPL",6033556.0,3063778.533492063,0.02503147633965436,17.20450032479594,0.0858407653203053,0.2557771110467632
IREN.AX,,3,"BLOK,VGAD.AX,VGS.AX",451258.0,,,,,0.25572519083969464
XYZ.AX,"Block, Inc.",5,"A200.AX,EX20.AX,GEAR.AX,MVE.AX,VAS.AX",984144.0,18841668.52301587,0.0016535205006897754,25.707720052412984,0.16912863833304123,0.2550760732448377
TPW.AX,Temple & Webster Group Ltd,6,"GEAR.AX,IOZ.AX,ISO.AX,VAS.AX,VPL,VSO.AX",2675989.0,8044170.760952381,0.02224892122219913,9.544849586189994,0.04482462490761613,0.2537519232571804
TCG.AX,Turaco Gold Limited,2,"ISO.AX,VAS.AX",20079361.0,1886711.963269841,0.019040511260220376,29.511486834174175,0.12891194056783478,0.2525769123043795
HMC.AX,HMC Capital Limited,5,"GRNV.AX,ISO.AX,VAS.AX,VPL,VSO.AX",6606478.0,4621998.647460318,0.016011212137202146,19.050274277407706,0.12247808802100883,0.25217612510789006
GEM.AX,G8 Education Limited,4,"ISO.AX,QOZ.AX,VAS.AX,VPL",16842136.0,994571.2866666667,0.021828707849950554,15.719695868773263,0.06938159811306432,0.2411617714045497
EBO.AX,EBOS Group Limited,1,VAS.AX,916893.0,2065894.7015873017,0.0044718041324356425,38.67819449894138,0.17711621626690008,0.23877298882348716
SRL.AX,Sunrise Energy Metals Limited,5,"AUMF.AX,ISO.AX,PICK,VAS.AX,VSO.AX",2158029.0,8438477.24031746,0.014032766524693565,16.097916963173756,0.11642108627866922,0.23730384700505508
HLS.AX,Healius Limited,4,"ISO.AX,QOZ.AX,VAS.AX,VPL",15608511.0,2188068.5530158733,0.021494713020102574,15.18020372062315,0.0687126014648053,0.23711134006465678
USL.AX,Unico Silver Limited,1,SIL,14446968.0,2747456.6472222214,0.028896307769425394,17.075840414138447,0.12024185845383276,0.236272970561849
AAI.AX,Alcoa Corporation,5,"A200.AX,EX20.AX,GEAR.AX,QRE.AX,VAS.AX",1069498.0,24269411.037142858,0.0040528193815696795,21.190336269000607,0.1318295764072268,0.2353845488363322
MGH.AX,MAAS Group Holdings Limited,6,"AUMF.AX,ISO.AX,MVS.AX,VAS.AX,VPL,VSO.AX",4817079.0,9072877.65190476,0.013331401179442454,12.787222250607748,0.0844843101568811,0.23500087321298718
GTK.AX,Gentrack Group Limited,2,"VAS.AX,VPL",2177422.0,1572187.9777777775,0.019361922855983323,23.936935830538168,0.10455461441121691,0.2335848086367121
QOR.AX,Qoria Limited,2,"ISO.AX,VAS.AX",26149227.0,1542193.0084920637,0.019028283718328494,22.61493706655379,0.1263813796424193,0.23157785460490765
CU6.AX,Clarity Pharmaceuticals Ltd,4,"ISO.AX,VAS.AX,VPL,VSO.AX",7601786.0,7074301.454444446,0.02038169538568361,15.002458189862176,0.07338724446510013,0.23105030236533103
EHL.AX,Emeco Holdings Limited,2,"MVS.AX,VPL",3031551.0,729900.9050793652,0.00584818408227413,22.593780097649738,0.1946061088067223,0.23039084812567845
CHN.AX,Chalice Mining Limited,3,"ISO.AX,VAS.AX,VPL",7065973.0,2577965.972380952,0.018141149886606377,20.23656038420072,0.1013729216701565,0.22956618182156802
EOS.AX,Electro Optic Systems Holdings Limited,6,"ARMR.AX,ISO.AX,IXUS,VAS.AX,VPL,VSO.AX",4002194.0,28327958.885238092,0.018468653649740582,6.758678971362658,0.044489082848855624,0.22272174772631453
OPT.AX,Opthea Limited,2,"VAS.AX,VPL",21017926.0,3240903.4417460314,0.015364226132925726,28.79197156629556,0.0886110559231082,0.22148829953145932
PMT.AX,PMET Resources Inc.,1,VAS.AX,27386690.0,3253328.12515873,0.014728556232059313,26.76242898673478,0.14951215926931932,0.20817561411658644
CSC.AX,Capstone Copper Corp.,5,"A200.AX,EX20.AX,GEAR.AX,QRE.AX,VAS.AX",4836948.0,27029269.837936513,0.0063328161761529,11.373436570008963,0.08324273307332873,0.20146903447903225
SPK.AX,Spark New Zealand Limited,2,"FAIR.AX,VAS.AX",7309037.0,2487711.3755555553,0.0038669917518311257,24.341555191394086,0.1291793143047473,0.20062072562660976
MYR.AX,Myer Holdings Limited,4,"ISO.AX,QOZ.AX,VAS.AX,VPL",27440915.0,3161111.678412698,0.015854961865581444,11.784772608699654,0.058415459820668085,0.19662894063149805
WBT.AX,Weebit Nano Limited,3,"ISO.AX,VAS.AX,VPL",4236104.0,10527039.785555555,0.017678825640770453,11.67814174287326,0.07538724215191357,0.19637565449850503
QAL.AX,Qualitas Limited,1,MVS.AX,1251849.0,828227.5607936508,0.004229983619507552,19.58846616893635,0.21947204128273134,0.19541985987440788
FSE.AX,Fuse Minerals Ltd,2,"VAS.AX,VPL",920486.0,,,,,0.19338422391857507
TEA.AX,Tasmea Ltd,3,"AUMF.AX,MVS.AX,VSO.AX",1115922.0,4898234.065714286,0.004267766426871068,7.472758844206492,0.09557004489656502,0.16944339056670127
CXO.AX,Core Lithium Ltd,2,"ACDC.AX,VPL",42733294.0,8998674.47436508,0.01765109211069806,7.181784503243068,0.06793359332548067,0.16859894314463403
GNG.AX,GR Engineering Services Limited,1,MVS.AX,842954.0,1571388.2809523812,0.004950156135120503,13.065284028042011,0.15150282316711156,0.15949739148530354
HCW.AX,HealthCo Healthcare and Wellness REIT,2,"VNQI,VPL",2036914.0,590312.4345238094,0.0037022958061756353,11.768374891686964,0.0911488795647753,0.15659008990246276
NXL.AX,Nuix Limited,2,"MVS.AX,VPL",2317740.0,1915883.7906349204,0.006841996504817684,8.025790988067154,0.07757618984121438,0.15179275756256255
IMM.AX,Immutep Limited,2,"ISO.AX,VAS.AX",28202787.0,2177381.0808412693,0.019137123723998124,4.004748166175075,0.017208581893397485,0.15026243228626396
DPM.AX,Dpmmetals Cdi 1:1 [dpm],1,VAS.AX,362615.0,4207702.386984127,0.0016404805869690438,21.967203546177988,0.09500359586709789,0.1426291163335493
INR.AX,ioneer Ltd,2,"LIT,VPL",15118891.0,1121484.701031746,0.004917304195952034,9.080124644929606,0.06418854730511667,0.14233322900501283
CWP.AX,Cedar Woods Properties Limited,2,"VNQI,VPL",327517.0,1535743.132857143,0.0038497103130596807,7.530098576492013,0.0507295935975037,0.13084118012225987
PTM.AX,Platinum Investment Management Limited,1,MVS.AX,2772690.0,1728389.2047619051,0.00498983042998494,5.648689181286439,0.0904528287941583,0.12019834620374556
NVX.AX,Novonix Limited,2,"FAIR.AX,VPL",2027668.0,743597.8795238095,0.0023516617021724882,3.2984075675819877,0.024583089431726154,0.10782421140809832
LIN.AX,Lindian Resources Limited,2,"PICK,VSO.AX",4621243.0,7978098.383809525,0.0041174784361054295,2.3412867672939344,0.019900866104458192,0.10372995213666464
SGR.AX,The Star Entertainment Group Limited,2,"QOZ.AX,VPL",3310404.0,454891.0373809524,0.0010356654746438054,3.9316503351318626,0.029233643278499512,0.10247355143249587
AIS.AX,Aeris Resources Limited,1,MVS.AX,7539224.0,4374332.391746032,0.007556877697558043,3.531422827424461,0.0365500240328519,0.10119893788082138
SYR.AX,Syrah Resources Limited,2,"FAIR.AX,VPL",3478989.0,913346.3486228571,0.003022398401074915,2.2130317926850678,0.018972352289608224,0.09630294390431816
MAD.AX,Mader Group Limited,2,"AUMF.AX,VSO.AX",115826.0,1462178.5842063494,0.0005692766205112731,3.1691719223166475,0.03311471265932389,0.09301767520257453
EQR.AX,EQ Resources Limited,2,"PICK,VSO.AX",11881506.0,8665801.69063492,0.0034646647933791763,1.9116524971319193,0.01463900713114105,0.09223425092628326
GNP.AX,GenusPlus Group Limited,2,"AUMF.AX,VSO.AX",250426.0,5541593.495555555,0.0013795627420675714,2.1293511578919633,0.02163569612497426,0.09159326742749949
EUR.AX,European Lithium Limited,1,LIT,7617656.0,4578416.186349207,0.005326642648393273,3.245063938261571,0.024876627010861088,0.08902938222300064
AX1.AX,Accent Group Limited,2,"QOZ.AX,VPL",1016480.0,2256944.4671428567,0.0016907921205860307,1.4655847577046721,0.013144314837647941,0.08344857681617289
MEZ.AX,Meridian Energy Limited,1,FAIR.AX,46605.0,139052.6761111111,1.76616154103392e-05,7.8722804695727895,0.07570760761003165,0.08311808995643916
SVR.AX,Solvar Limited,1,VPL,199813.0,248125.74301587304,0.0010579610347301906,6.029270189369817,0.041408496656240634,0.0803386686312286
OBL.AX,Omni Bridgeway Limited,1,VPL,305109.0,552796.3257142858,0.0010533996123523038,4.723013560022517,0.03264265907824877,0.07559977353338276
PYC.AX,PYC Therapeutics Limited,1,VSO.AX,1126888.0,2693394.9342857134,0.001932742761252137,2.705891258257579,0.028297134007950395,0.07554133629132839
NABPI.AX,,1,BHYB.AX,448467.0,,,,,0.07506361323155217
WBCPK.AX,,1,BHYB.AX,392767.0,,,,,0.07506361323155217
WBCPJ.AX,,1,BHYB.AX,385687.0,,,,,0.07506361323155217
WBCPM.AX,,1,BHYB.AX,392805.0,,,,,0.07506361323155217
NABPJ.AX,,1,BHYB.AX,280113.0,,,,,0.07506361323155217
NABPK.AX,,1,BHYB.AX,224686.0,,,,,0.07506361323155217
AN3PK.AX,,1,BHYB.AX,336185.0,,,,,0.07506361323155217
VARU6 INDEX.AX,,1,QRE.AX,7.0,,,,,0.07506361323155217
VBU6 INDEX.AX,,1,QFN.AX,4.0,,,,,0.07506361323155217
BMC.AX,,1,SILJ,1335875.0,,,,,0.07506361323155217
CBAPJ.AX,,1,BHYB.AX,258392.0,,,,,0.07506361323155217
CBAPM.AX,,1,BHYB.AX,347927.0,,,,,0.07506361323155217
ATEC.AX,,1,HVST.AX,178920.0,,,,,0.07506361323155217
CBAPI.AX,,1,BHYB.AX,369671.0,,,,,0.07506361323155217
MMKT.AX,,1,BEAR.AX,160000.0,,,,,0.07506361323155217
NABPH.AX,,1,BHYB.AX,535366.0,,,,,0.07506361323155217
CBAPL.AX,,1,BHYB.AX,398851.0,,,,,0.07506361323155217
MCY.AX,Mercury NZ Limited,1,FAIR.AX,11345.0,51673.523968253976,8.004131393110154e-06,6.009388210842097,0.05992974248993142,0.07228163388298356
CRN.AX,Coronado Global Resources Inc.,1,QOZ.AX,2720125.0,1192607.3437142859,0.0016225470247844787,3.1641062752743663,0.02508532075694484,0.07217206405413162
AAC.AX,Australian Agricultural Company Limited,1,VPL,136728.0,147952.11428571428,0.00022683402045423458,6.083081774321871,0.04261382833519108,0.07091201102233446
PPS.AX,Praemium Limited,1,VPL,532255.0,535624.2205555555,0.001091867840614435,3.447319068993724,0.024364040122129695,0.0681362420247523
BBN.AX,Baby Bunting Group Limited,1,VPL,148688.0,341336.533968254,0.0010981329770878875,3.2165361866089732,0.024658845925888555,0.06813258969712391
GDI.AX,GDI Property Group,1,VPL,387793.0,301468.06539682543,0.0007183719481854544,3.8625659389064393,0.02785377611703884,0.06749160619834013
FCL.AX,FINEOS Corporation Holdings plc,1,VPL,197646.0,703382.5641269843,0.0005728179444541371,3.178116407334552,0.025468341004776344,0.06140134987798717
CEH.AX,Coast Entertainment Holdings Ltd.,1,VPL,447965.0,360707.0717460317,0.0011528794496712621,2.997064189591015,0.018027068248271837,0.0613465649635612
HUM.AX,Humm Group Limited,1,VPL,401850.0,380337.36293650785,0.0007966579352538632,3.143481568356114,0.02218686309135685,0.05732535224469547
STX.AX,Strike Energy Limited,1,VPL,2897347.0,663395.5309523812,0.0008049534408124472,2.4890281301614685,0.019353829504349804,0.053934166041728314
ADH.AX,Adairs Limited,1,QOZ.AX,239177.0,1166586.0937142854,0.0013390672663869266,1.3328267026871827,0.014195738175387274,0.05117665868228814
KGN.AX,Kogan.com Ltd,1,VPL,107498.0,1171747.5487301587,0.0011242040724272896,1.8005804078530747,0.013641977759904979,0.05051010889010559
MYX.AX,Mayne Pharma Group Limited,1,VPL,101822.0,807252.5741269841,0.0012532582111020778,1.5269349601124622,0.010753879613686346,0.049825297459781044
BRN.AX,BrainChip Holdings Ltd,1,VPL,2438357.0,998643.4936507934,0.0010076681024747394,1.9350181743320591,0.014329278757614255,0.047829300410861766
NGI.AX,Navigator Global Investments Limited,1,VPL,241090.0,1267722.695079365,0.00043713340283758667,2.3030319075331933,0.017544474896860295,0.04650350548175344
AD8.AX,Audinate Group Limited,1,VPL,89428.0,1038535.1050793652,0.0010604711431578032,1.007688205755149,0.006592350096318407,0.04239463689980617
EML.AX,EML Payments Limited,1,VPL,431601.0,1174559.1640476189,0.0011108765770295175,0.7213574075512459,0.00508653304394787,0.04238367991692098
WC8.AX,Wildcat Resources Limited,1,VPL,1139021.0,3059699.1222222224,0.0008272899389720092,0.9561086112855276,0.007350823758012139,0.039025364662609405
29M.AX,29Metals Limited,1,VPL,946169.0,1899204.5411111114,0.0006913071128147619,0.6820540289537032,0.0048926230950162705,0.03226490622244549
CCL.AX,Cuscal Ltd.,1,QOZ.AX,66436.0,3319915.044603175,0.0003324915130302847,0.4508145259140898,0.00505211785506683,0.028895633985248723
ASM.AX,Australian Strategic Materials Ltd,1,GDXJ,1.0,1159819.4511111109,4.952947003467063e-09,6.598992151640565e-06,3.4027447330006185e-08,0.020794771305462895
